_start,_end,_type
40,0,belongTo
41,0,belongTo
42,1,belongTo
43,2,belongTo
44,0,belongTo
45,3,belongTo
46,0,belongTo
47,4,belongTo
48,3,belongTo
49,5,belongTo
50,1,belongTo
51,6,belongTo
52,2,belongTo
53,5,belongTo
54,1,belongTo
55,1,belongTo
56,2,belongTo
57,2,belongTo
58,4,belongTo
59,5,belongTo
60,4,belongTo
61,6,belongTo
62,6,belongTo
63,5,belongTo
64,6,belongTo
65,6,belongTo
66,5,belongTo
67,7,belongTo
68,2,belongTo
69,7,belongTo
70,6,belongTo
71,5,belongTo
72,2,belongTo
73,3,belongTo
74,6,belongTo
75,6,belongTo
76,8,belongTo
77,4,belongTo
78,2,belongTo
79,3,belongTo
80,2,belongTo
81,8,belongTo
82,3,belongTo
83,9,belongTo
84,2,belongTo
85,10,belongTo
86,11,belongTo
87,0,belongTo
88,11,belongTo
89,1,belongTo
90,11,belongTo
91,12,belongTo
92,11,belongTo
93,13,belongTo
94,12,belongTo
95,12,belongTo
96,14,belongTo
97,11,belongTo
98,15,belongTo
99,1,belongTo
100,2,belongTo
101,12,belongTo
102,12,belongTo
103,15,belongTo
104,16,belongTo
105,15,belongTo
106,17,belongTo
107,12,belongTo
108,16,belongTo
109,17,belongTo
110,16,belongTo
111,18,belongTo
112,16,belongTo
113,19,belongTo
114,3,belongTo
115,0,belongTo
116,16,belongTo
117,13,belongTo
118,9,belongTo
119,3,belongTo
120,3,belongTo
121,3,belongTo
122,20,belongTo
123,14,belongTo
124,17,belongTo
125,15,belongTo
126,21,belongTo
127,3,belongTo
128,1,belongTo
129,15,belongTo
130,22,belongTo
131,0,belongTo
132,9,belongTo
133,2,belongTo
134,19,belongTo
135,13,belongTo
136,6,belongTo
137,23,belongTo
138,12,belongTo
139,0,belongTo
140,16,belongTo
141,15,belongTo
142,24,belongTo
143,7,belongTo
144,0,belongTo
145,14,belongTo
146,2,belongTo
147,17,belongTo
148,15,belongTo
149,17,belongTo
150,15,belongTo
151,15,belongTo
152,17,belongTo
153,18,belongTo
154,25,belongTo
155,9,belongTo
156,12,belongTo
157,16,belongTo
158,10,belongTo
159,25,belongTo
160,2,belongTo
161,3,belongTo
162,16,belongTo
163,9,belongTo
164,22,belongTo
165,23,belongTo
166,14,belongTo
167,23,belongTo
168,14,belongTo
169,26,belongTo
170,13,belongTo
180,6,belongTo
181,6,belongTo
182,6,belongTo
183,15,belongTo
184,9,belongTo
185,5,belongTo
186,5,belongTo
187,2,belongTo
188,16,belongTo
189,3,belongTo
190,16,belongTo
191,15,belongTo
192,25,belongTo
193,16,belongTo
194,15,belongTo
195,22,belongTo
196,27,belongTo
197,14,belongTo
198,18,belongTo
199,18,belongTo
200,18,belongTo
201,2,belongTo
202,18,belongTo
203,3,belongTo
204,3,belongTo
205,15,belongTo
206,10,belongTo
207,28,belongTo
208,19,belongTo
209,15,belongTo
210,15,belongTo
211,20,belongTo
212,9,belongTo
213,16,belongTo
214,16,belongTo
215,25,belongTo
216,22,belongTo
217,10,belongTo
218,15,belongTo
219,14,belongTo
220,26,belongTo
221,15,belongTo
222,15,belongTo
223,10,belongTo
224,28,belongTo
225,9,belongTo
226,15,belongTo
227,26,belongTo
228,14,belongTo
229,11,belongTo
230,10,belongTo
231,29,belongTo
232,6,belongTo
233,6,belongTo
234,6,belongTo
235,6,belongTo
236,4,belongTo
237,4,belongTo
238,5,belongTo
239,6,belongTo
240,4,belongTo
241,11,belongTo
242,11,belongTo
243,27,belongTo
244,25,belongTo
245,3,belongTo
246,28,belongTo
247,15,belongTo
248,15,belongTo
249,15,belongTo
250,15,belongTo
251,9,belongTo
252,9,belongTo
253,9,belongTo
254,9,belongTo
255,9,belongTo
256,9,belongTo
257,9,belongTo
258,9,belongTo
259,9,belongTo
260,9,belongTo
261,9,belongTo
262,9,belongTo
263,9,belongTo
264,9,belongTo
265,9,belongTo
266,9,belongTo
267,9,belongTo
268,9,belongTo
269,9,belongTo
270,9,belongTo
271,9,belongTo
272,9,belongTo
273,9,belongTo
274,9,belongTo
275,9,belongTo
276,9,belongTo
277,9,belongTo
278,4,belongTo
279,2,belongTo
280,1,belongTo
281,11,belongTo
282,29,belongTo
283,15,belongTo
284,29,belongTo
285,14,belongTo
286,2,belongTo
287,30,belongTo
288,12,belongTo
289,14,belongTo
290,23,belongTo
291,25,belongTo
292,11,belongTo
293,29,belongTo
294,29,belongTo
295,2,belongTo
296,11,belongTo
297,11,belongTo
298,3,belongTo
299,28,belongTo
300,3,belongTo
301,30,belongTo
171,5,belongTo
172,5,belongTo
173,5,belongTo
174,22,belongTo
175,22,belongTo
176,4,belongTo
177,4,belongTo
302,1,belongTo
303,1,belongTo
304,26,belongTo
305,3,belongTo
306,12,belongTo
307,3,belongTo
308,28,belongTo
309,29,belongTo
310,29,belongTo
311,10,belongTo
312,10,belongTo
313,28,belongTo
314,14,belongTo
315,14,belongTo
316,14,belongTo
317,10,belongTo
318,29,belongTo
319,29,belongTo
320,29,belongTo
321,29,belongTo
322,29,belongTo
323,29,belongTo
324,29,belongTo
325,29,belongTo
326,13,belongTo
327,10,belongTo
328,10,belongTo
329,10,belongTo
330,7,belongTo
331,10,belongTo
332,10,belongTo
333,10,belongTo
334,3,belongTo
335,14,belongTo
336,14,belongTo
337,5,belongTo
338,5,belongTo
339,2,belongTo
340,2,belongTo
341,25,belongTo
342,25,belongTo
343,25,belongTo
344,14,belongTo
345,14,belongTo
346,14,belongTo
347,29,belongTo
348,31,belongTo
178,4,belongTo
179,4,belongTo
349,11,belongTo
350,4,belongTo
351,4,belongTo
352,21,belongTo
353,12,belongTo
354,12,belongTo
355,12,belongTo
356,12,belongTo
1,369,comeFrom
27,369,comeFrom
2407,389,belongTo
2408,1,belongTo
2409,9,belongTo
2410,4,belongTo
2411,20,belongTo
2412,1,belongTo
2413,27,belongTo
2414,389,belongTo
2415,1,belongTo
2416,389,belongTo
2417,1,belongTo
2418,20,belongTo
2419,27,belongTo
2420,9,belongTo
2421,3,belongTo
2422,1,belongTo
2423,10,belongTo
2424,10,belongTo
2425,1,belongTo
2473,3,belongTo
2474,409,belongTo
2475,20,belongTo
2476,27,belongTo
2477,3,belongTo
2478,9,belongTo
2479,389,belongTo
2480,20,belongTo
2481,3,belongTo
2482,410,belongTo
2483,411,belongTo
2484,412,belongTo
2485,1,belongTo
2486,9,belongTo
2487,29,belongTo
2488,389,belongTo
2489,410,belongTo
2490,4,belongTo
2491,4,belongTo
2492,17,belongTo
2493,20,belongTo
2494,1,belongTo
2495,413,belongTo
2496,414,belongTo
2497,410,belongTo
2498,415,belongTo
2499,9,belongTo
2500,17,belongTo
2501,27,belongTo
2502,27,belongTo
2503,15,belongTo
2504,9,belongTo
2505,1,belongTo
2506,409,belongTo
2507,27,belongTo
2508,10,belongTo
2509,29,belongTo
2510,27,belongTo
2511,15,belongTo
2512,413,belongTo
2513,3,belongTo
2514,20,belongTo
2515,9,belongTo
2516,410,belongTo
2517,389,belongTo
2518,1,belongTo
2519,10,belongTo
2520,389,belongTo
2521,416,belongTo
2522,409,belongTo
2523,411,belongTo
2524,417,belongTo
2525,413,belongTo
2526,3,belongTo
2527,29,belongTo
2528,1,belongTo
2529,3,belongTo
2530,410,belongTo
2531,389,belongTo
2532,9,belongTo
2533,418,belongTo
2534,416,belongTo
2535,27,belongTo
2536,20,belongTo
2537,419,belongTo
2538,9,belongTo
2539,29,belongTo
2540,417,belongTo
2541,27,belongTo
2492,412,belongTo
2542,27,belongTo
2543,9,belongTo
2544,4,belongTo
2545,413,belongTo
2546,1,belongTo
2547,3,belongTo
2548,4,belongTo
2549,418,belongTo
2550,4,belongTo
2551,389,belongTo
2552,3,belongTo
2553,4,belongTo
2554,409,belongTo
2555,419,belongTo
2556,15,belongTo
2557,9,belongTo
2558,1,belongTo
2559,410,belongTo
2560,29,belongTo
2561,9,belongTo
2562,29,belongTo
2563,27,belongTo
2564,4,belongTo
2565,389,belongTo
2566,389,belongTo
2567,9,belongTo
2568,413,belongTo
2569,9,belongTo
2570,389,belongTo
2571,389,belongTo
2572,10,belongTo
2573,4,belongTo
2574,4,belongTo
2575,4,belongTo
2576,27,belongTo
2577,419,belongTo
2578,20,belongTo
2579,414,belongTo
2580,389,belongTo
2581,9,belongTo
2582,389,belongTo
2583,3,belongTo
2584,27,belongTo
2585,389,belongTo
2586,1,belongTo
2587,10,belongTo
2588,1,belongTo
2589,3,belongTo
2590,419,belongTo
2591,29,belongTo
2592,389,belongTo
2410,420,belongTo
2593,1,belongTo
2594,409,belongTo
2595,413,belongTo
2596,413,belongTo
2597,3,belongTo
2598,419,belongTo
2599,410,belongTo
2600,410,belongTo
2601,1,belongTo
2602,2594,oneOf
2603,2594,oneOf
2604,2594,oneOf
2605,2594,oneOf
2606,2594,oneOf
2607,2594,oneOf
2608,2594,oneOf
2609,2594,oneOf
2610,2594,oneOf
2984,20,belongTo
2985,413,belongTo
2613,389,belongTo
2614,410,belongTo
2615,3,belongTo
2616,15,belongTo
2617,15,belongTo
2618,20,belongTo
2619,410,belongTo
2620,20,belongTo
2621,29,belongTo
2622,410,belongTo
2623,2407,oneOf
2624,2408,oneOf
2625,2409,oneOf
2626,2410,oneOf
2627,2410,oneOf
2628,2411,oneOf
2629,2412,oneOf
2630,2411,oneOf
2631,2413,oneOf
2632,2414,oneOf
2633,2415,oneOf
2634,2416,oneOf
2635,2409,oneOf
2636,2414,oneOf
2637,2417,oneOf
2638,2411,oneOf
2639,2418,oneOf
2640,2419,oneOf
2641,2411,oneOf
2642,2414,oneOf
2643,2415,oneOf
2644,2412,oneOf
2645,2409,oneOf
2646,2420,oneOf
2647,2411,oneOf
2648,2421,oneOf
2649,2408,oneOf
2650,2419,oneOf
2651,2422,oneOf
2652,2419,oneOf
2653,2423,oneOf
2654,2414,oneOf
2655,2409,oneOf
2656,2424,oneOf
2657,2422,oneOf
2658,2412,oneOf
2659,2410,oneOf
2660,2408,oneOf
2661,2425,oneOf
2662,2411,oneOf
2663,2473,oneOf
2664,2474,oneOf
2665,2408,oneOf
2666,2475,oneOf
2667,2415,oneOf
2668,2476,oneOf
2669,2414,oneOf
2670,2412,oneOf
2671,2477,oneOf
2672,2416,oneOf
2673,2478,oneOf
2674,2419,oneOf
2675,2411,oneOf
2676,2479,oneOf
2677,2480,oneOf
2678,2419,oneOf
2679,2415,oneOf
2680,2417,oneOf
2681,2419,oneOf
2682,2474,oneOf
2683,2409,oneOf
2684,2477,oneOf
2685,2415,oneOf
2686,2478,oneOf
2687,2416,oneOf
2688,2481,oneOf
2689,2482,oneOf
2690,2416,oneOf
2691,2483,oneOf
2692,2484,oneOf
2693,2414,oneOf
2694,2408,oneOf
2695,2485,oneOf
2696,2486,oneOf
2697,2414,oneOf
2698,2411,oneOf
2699,2409,oneOf
2700,2414,oneOf
2701,2478,oneOf
2702,2487,oneOf
2703,2422,oneOf
2704,2422,oneOf
2705,2486,oneOf
2706,2411,oneOf
2707,2419,oneOf
2708,2411,oneOf
2709,2480,oneOf
2710,2413,oneOf
2711,2424,oneOf
2712,2423,oneOf
2713,2415,oneOf
2714,2487,oneOf
2715,2408,oneOf
2716,2484,oneOf
2717,2488,oneOf
2718,2411,oneOf
2719,2418,oneOf
2720,2489,oneOf
2721,2478,oneOf
2722,2490,oneOf
2723,2479,oneOf
2724,2491,oneOf
2725,2419,oneOf
2726,2473,oneOf
2727,2492,oneOf
2728,2420,oneOf
2729,2493,oneOf
2730,2417,oneOf
2731,2417,oneOf
2732,2494,oneOf
2733,2413,oneOf
2734,2414,oneOf
2735,2494,oneOf
2736,2495,oneOf
2737,2414,oneOf
2738,2486,oneOf
2739,2407,oneOf
2740,2414,oneOf
2741,2419,oneOf
2742,2495,oneOf
2743,2496,oneOf
2744,2409,oneOf
2745,2497,oneOf
2746,2498,oneOf
2747,2487,oneOf
2748,2410,oneOf
2749,2408,oneOf
2750,2408,oneOf
2751,2499,oneOf
2752,2500,oneOf
2753,2487,oneOf
2754,2501,oneOf
2755,2502,oneOf
2756,2503,oneOf
2757,2489,oneOf
2758,2422,oneOf
2759,2504,oneOf
2760,2425,oneOf
2761,2505,oneOf
2762,2492,oneOf
2763,2408,oneOf
2764,2409,oneOf
2765,2489,oneOf
2766,2506,oneOf
2767,2507,oneOf
2768,2412,oneOf
2769,2407,oneOf
2770,2409,oneOf
2771,2407,oneOf
2772,2507,oneOf
2773,2479,oneOf
2774,2476,oneOf
2775,2508,oneOf
2776,2473,oneOf
2777,2417,oneOf
2778,2473,oneOf
2779,2505,oneOf
2780,2504,oneOf
2781,2420,oneOf
2782,2421,oneOf
2783,2414,oneOf
2784,2420,oneOf
2785,2504,oneOf
2786,2410,oneOf
2787,2419,oneOf
2788,2421,oneOf
2789,2416,oneOf
2790,2418,oneOf
2791,2424,oneOf
2792,2423,oneOf
2793,2509,oneOf
2794,2510,oneOf
2795,2419,oneOf
2796,2511,oneOf
2797,2485,oneOf
2798,2499,oneOf
2799,2502,oneOf
2800,2487,oneOf
2801,2486,oneOf
2802,2511,oneOf
2803,2475,oneOf
2804,2475,oneOf
2805,2512,oneOf
2806,2500,oneOf
2807,2416,oneOf
2808,2475,oneOf
2809,2486,oneOf
2810,2487,oneOf
2811,2413,oneOf
2812,2486,oneOf
2813,2513,oneOf
2814,2498,oneOf
2815,2475,oneOf
2816,2514,oneOf
2817,2503,oneOf
2818,2515,oneOf
2819,2516,oneOf
2820,2485,oneOf
2821,2411,oneOf
2822,2486,oneOf
2823,2517,oneOf
2824,2518,oneOf
2825,2419,oneOf
2826,2422,oneOf
2827,2505,oneOf
2828,2519,oneOf
2829,2500,oneOf
2830,2520,oneOf
2831,2478,oneOf
2832,2416,oneOf
2833,2407,oneOf
2834,2485,oneOf
2835,2415,oneOf
2836,2479,oneOf
2837,2474,oneOf
2838,2479,oneOf
2839,2414,oneOf
2840,2414,oneOf
2841,2521,oneOf
2842,2522,oneOf
2843,2523,oneOf
2844,2483,oneOf
2845,2524,oneOf
2846,2505,oneOf
2847,2416,oneOf
2848,2486,oneOf
2849,2504,oneOf
2850,2508,oneOf
2851,2473,oneOf
2852,2421,oneOf
2853,2502,oneOf
2854,2525,oneOf
2855,2526,oneOf
2856,2487,oneOf
2857,2473,oneOf
2858,2527,oneOf
2859,2485,oneOf
2860,2514,oneOf
2861,2421,oneOf
2862,2477,oneOf
2863,2409,oneOf
2864,2475,oneOf
2865,2514,oneOf
2866,2421,oneOf
2867,2411,oneOf
2868,2497,oneOf
2869,2475,oneOf
2870,2413,oneOf
2871,2423,oneOf
2872,2481,oneOf
2873,2477,oneOf
2874,2415,oneOf
2875,2528,oneOf
2876,2517,oneOf
2877,2414,oneOf
2878,2501,oneOf
2879,2489,oneOf
2880,2529,oneOf
2881,2517,oneOf
2882,2530,oneOf
2883,2414,oneOf
2884,2531,oneOf
2885,2407,oneOf
2886,2409,oneOf
2887,2532,oneOf
2888,2517,oneOf
2889,2502,oneOf
2890,2419,oneOf
2891,2518,oneOf
2892,2415,oneOf
2893,2473,oneOf
2894,2504,oneOf
2895,2413,oneOf
2896,2533,oneOf
2897,2497,oneOf
2898,2526,oneOf
2899,2477,oneOf
2900,2534,oneOf
2901,2477,oneOf
2902,2535,oneOf
2903,2409,oneOf
2904,2414,oneOf
2905,2411,oneOf
2906,2418,oneOf
2907,2493,oneOf
2908,2522,oneOf
2909,2522,oneOf
2910,2517,oneOf
2911,2536,oneOf
2912,2414,oneOf
2913,2414,oneOf
2914,2412,oneOf
2915,2537,oneOf
2916,2538,oneOf
2917,2414,oneOf
2918,2514,oneOf
2919,2539,oneOf
2920,2414,oneOf
2921,2527,oneOf
2922,2509,oneOf
2923,2526,oneOf
2924,2416,oneOf
2925,2522,oneOf
2926,2493,oneOf
2927,2410,oneOf
2928,2414,oneOf
2929,2505,oneOf
2930,2416,oneOf
2931,2540,oneOf
2932,2415,oneOf
2933,2500,oneOf
2934,2490,oneOf
2935,2490,oneOf
2936,2484,oneOf
2937,2425,oneOf
2938,2479,oneOf
2939,2500,oneOf
2940,2415,oneOf
2941,2487,oneOf
2942,2481,oneOf
2943,2506,oneOf
2944,2422,oneOf
2945,2502,oneOf
2946,2421,oneOf
2947,2412,oneOf
2948,2541,oneOf
2949,2414,oneOf
2950,2539,oneOf
2951,2408,oneOf
2952,2409,oneOf
2953,2513,oneOf
2954,2417,oneOf
2955,2422,oneOf
2956,2420,oneOf
2957,2519,oneOf
2958,2487,oneOf
2959,2473,oneOf
2960,2477,oneOf
2961,2526,oneOf
2962,2502,oneOf
2963,2473,oneOf
2964,2423,oneOf
2965,2487,oneOf
2968,421,belongTo
2969,419,belongTo
2970,29,belongTo
2971,27,belongTo
2972,4,belongTo
2973,4,belongTo
2974,4,belongTo
2975,409,belongTo
2976,29,belongTo
2977,29,belongTo
2978,9,belongTo
2979,27,belongTo
2980,410,belongTo
2981,409,belongTo
2982,4,belongTo
2983,4,belongTo
2966,2487,oneOf
2967,2521,oneOf
3003,2534,oneOf
3004,2416,oneOf
3005,2531,oneOf
3006,2487,oneOf
3007,2478,oneOf
3008,2478,oneOf
3009,2485,oneOf
3010,2541,oneOf
3011,2478,oneOf
3012,2408,oneOf
3013,2507,oneOf
3014,2409,oneOf
3015,2508,oneOf
3016,2418,oneOf
3017,2489,oneOf
3018,2419,oneOf
3019,2514,oneOf
3020,2492,oneOf
3021,2542,oneOf
3022,2414,oneOf
3023,2543,oneOf
3024,2544,oneOf
3025,2415,oneOf
3026,2545,oneOf
3027,2507,oneOf
3028,2500,oneOf
3029,2408,oneOf
3030,2491,oneOf
3031,2514,oneOf
3032,2408,oneOf
3033,2475,oneOf
3034,2410,oneOf
3035,2415,oneOf
3036,2409,oneOf
3037,2532,oneOf
3038,2410,oneOf
3039,2546,oneOf
3040,2498,oneOf
3041,2410,oneOf
3042,2532,oneOf
3043,2414,oneOf
3044,2485,oneOf
3045,2485,oneOf
3046,2415,oneOf
3047,2419,oneOf
3048,2507,oneOf
3049,2409,oneOf
3050,2522,oneOf
3051,2477,oneOf
3052,2487,oneOf
3053,2473,oneOf
3054,2547,oneOf
3055,2477,oneOf
3056,2477,oneOf
3057,2548,oneOf
3058,2501,oneOf
3059,2479,oneOf
3060,2487,oneOf
3061,2534,oneOf
3062,2531,oneOf
3063,2504,oneOf
3064,2549,oneOf
3065,2479,oneOf
3066,2473,oneOf
3067,2415,oneOf
3068,2492,oneOf
3069,2542,oneOf
3070,2515,oneOf
3071,2550,oneOf
3072,2409,oneOf
3073,2425,oneOf
3074,2412,oneOf
3075,2421,oneOf
3076,2415,oneOf
3077,2478,oneOf
3078,2478,oneOf
3079,2412,oneOf
3080,2551,oneOf
3081,2492,oneOf
3082,2485,oneOf
3083,2523,oneOf
3084,2501,oneOf
3085,2537,oneOf
3086,2482,oneOf
3087,2409,oneOf
3088,2407,oneOf
3089,2492,oneOf
3090,2485,oneOf
3091,2485,oneOf
3092,2407,oneOf
3093,2501,oneOf
3094,2421,oneOf
3095,2475,oneOf
3096,2420,oneOf
3097,2473,oneOf
3098,2424,oneOf
3099,2475,oneOf
3100,2552,oneOf
3101,2481,oneOf
3102,2529,oneOf
3103,2487,oneOf
3104,2477,oneOf
3105,2481,oneOf
3106,2487,oneOf
3107,2477,oneOf
3108,2504,oneOf
3109,2475,oneOf
3110,2486,oneOf
3111,2487,oneOf
3112,2487,oneOf
3113,2473,oneOf
3114,2477,oneOf
3115,2504,oneOf
3116,2547,oneOf
3117,2473,oneOf
3118,2487,oneOf
3119,2487,oneOf
3120,2473,oneOf
3121,2487,oneOf
3122,2487,oneOf
3123,2473,oneOf
3124,2486,oneOf
3125,2421,oneOf
3126,2486,oneOf
3127,2477,oneOf
3128,2521,oneOf
3129,2477,oneOf
3130,2552,oneOf
3131,2479,oneOf
3132,2487,oneOf
3133,2552,oneOf
3134,2477,oneOf
3135,2477,oneOf
3136,2504,oneOf
3137,2473,oneOf
3138,2486,oneOf
3139,2473,oneOf
3140,2473,oneOf
3141,2487,oneOf
3142,2531,oneOf
3143,2416,oneOf
3144,2487,oneOf
3145,2535,oneOf
3146,2552,oneOf
3147,2479,oneOf
3148,2479,oneOf
3149,2487,oneOf
3150,2526,oneOf
3151,2479,oneOf
3152,2504,oneOf
3153,2479,oneOf
3154,2549,oneOf
3155,2479,oneOf
3156,2521,oneOf
3157,2553,oneOf
3158,2535,oneOf
3159,2504,oneOf
3160,2479,oneOf
3161,2504,oneOf
3162,2554,oneOf
3163,2526,oneOf
3164,2521,oneOf
3165,2479,oneOf
3166,2531,oneOf
3167,2473,oneOf
3168,2419,oneOf
3169,2552,oneOf
3170,2479,oneOf
3171,2526,oneOf
3172,2477,oneOf
3173,2533,oneOf
3174,2473,oneOf
3175,2411,oneOf
3176,2494,oneOf
3177,2504,oneOf
3178,2526,oneOf
3179,2477,oneOf
3180,2504,oneOf
3181,2552,oneOf
3182,2477,oneOf
3183,2554,oneOf
3184,2487,oneOf
3185,2477,oneOf
3186,2473,oneOf
3187,2473,oneOf
3188,2473,oneOf
3189,2473,oneOf
3190,2477,oneOf
3191,2555,oneOf
3192,2549,oneOf
3193,2522,oneOf
3194,2423,oneOf
3195,2474,oneOf
3196,2556,oneOf
3197,2557,oneOf
3198,2415,oneOf
3199,2421,oneOf
3200,2419,oneOf
3201,2415,oneOf
3202,2425,oneOf
3203,2418,oneOf
3204,2414,oneOf
3205,2501,oneOf
3206,2543,oneOf
3207,2415,oneOf
3208,2478,oneOf
3209,2530,oneOf
3210,2478,oneOf
3211,2409,oneOf
3212,2499,oneOf
3213,2419,oneOf
3214,2527,oneOf
3215,2419,oneOf
3216,2425,oneOf
3217,2558,oneOf
3218,2499,oneOf
3219,2505,oneOf
3220,2505,oneOf
3221,2505,oneOf
3222,2505,oneOf
3223,2538,oneOf
3224,2475,oneOf
3225,2501,oneOf
3226,2501,oneOf
3227,2415,oneOf
3228,2503,oneOf
3229,2529,oneOf
3230,2487,oneOf
3231,2419,oneOf
3232,2411,oneOf
3233,2530,oneOf
3234,2502,oneOf
3235,2412,oneOf
3236,2556,oneOf
3237,2425,oneOf
3238,2485,oneOf
3239,2412,oneOf
3240,2421,oneOf
3241,2543,oneOf
3242,2544,oneOf
3243,2421,oneOf
3244,2559,oneOf
3245,2530,oneOf
3246,2487,oneOf
3247,2560,oneOf
3248,2560,oneOf
3249,2509,oneOf
3250,2509,oneOf
3251,2509,oneOf
3252,2509,oneOf
3253,2425,oneOf
3254,2425,oneOf
3255,2558,oneOf
3256,2415,oneOf
3257,2415,oneOf
3258,2543,oneOf
3259,2409,oneOf
3260,2419,oneOf
3261,2419,oneOf
3262,2501,oneOf
3263,2542,oneOf
3264,2414,oneOf
3265,2501,oneOf
3266,2487,oneOf
3267,2501,oneOf
3268,2521,oneOf
3269,2419,oneOf
3270,2492,oneOf
3271,2492,oneOf
3272,2561,oneOf
3273,2492,oneOf
3274,2423,oneOf
3275,2409,oneOf
3276,2412,oneOf
3277,2538,oneOf
3278,2529,oneOf
3279,2562,oneOf
3280,2423,oneOf
3281,2482,oneOf
3282,2527,oneOf
3283,2505,oneOf
3284,2558,oneOf
3285,2414,oneOf
3286,2423,oneOf
3287,2563,oneOf
3288,2473,oneOf
3289,2421,oneOf
3290,2483,oneOf
3291,2501,oneOf
3292,2421,oneOf
3293,2547,oneOf
3294,2505,oneOf
3295,2542,oneOf
3296,2478,oneOf
3297,2414,oneOf
3298,2493,oneOf
3299,2492,oneOf
3300,2492,oneOf
3301,2498,oneOf
3302,2527,oneOf
3303,2509,oneOf
3304,2545,oneOf
3305,2528,oneOf
3306,2485,oneOf
3307,2529,oneOf
3308,2482,oneOf
3309,2475,oneOf
3310,2412,oneOf
3311,2558,oneOf
3312,2414,oneOf
3313,2409,oneOf
3314,2515,oneOf
3315,2474,oneOf
3316,2425,oneOf
3317,2524,oneOf
3318,2474,oneOf
3319,2522,oneOf
3320,2564,oneOf
3321,2486,oneOf
3322,2481,oneOf
3323,2474,oneOf
3324,2415,oneOf
3325,2513,oneOf
3326,2492,oneOf
3327,2514,oneOf
3328,2550,oneOf
3329,2503,oneOf
3330,2423,oneOf
3331,2565,oneOf
3332,2565,oneOf
3333,2423,oneOf
3334,2484,oneOf
3335,2409,oneOf
3336,2505,oneOf
3337,2523,oneOf
3338,2507,oneOf
3339,2537,oneOf
3340,2537,oneOf
3341,2514,oneOf
3342,2514,oneOf
3343,2537,oneOf
3344,2566,oneOf
3345,2566,oneOf
3346,2485,oneOf
3347,2561,oneOf
3348,2407,oneOf
3349,2550,oneOf
3350,2503,oneOf
3351,2492,oneOf
3352,2567,oneOf
3353,2492,oneOf
3354,2492,oneOf
3355,2568,oneOf
3356,2482,oneOf
3357,2482,oneOf
3358,2482,oneOf
3359,2482,oneOf
3360,2530,oneOf
3361,2558,oneOf
3362,2558,oneOf
3363,2409,oneOf
3364,2542,oneOf
3365,2407,oneOf
3366,2407,oneOf
3367,2407,oneOf
3368,2407,oneOf
3369,2489,oneOf
3370,2414,oneOf
3371,2537,oneOf
3372,2418,oneOf
3373,2475,oneOf
3374,2514,oneOf
3375,2425,oneOf
3376,2518,oneOf
3377,2485,oneOf
3378,2569,oneOf
3379,2528,oneOf
3380,2570,oneOf
3381,2421,oneOf
3382,2501,oneOf
3383,2419,oneOf
3384,2424,oneOf
3385,2519,oneOf
3386,2477,oneOf
3387,2486,oneOf
3388,2529,oneOf
3389,2486,oneOf
3390,2507,oneOf
3391,2563,oneOf
3392,2489,oneOf
3393,2571,oneOf
3394,2524,oneOf
3395,2524,oneOf
3396,2524,oneOf
3397,2524,oneOf
3398,2524,oneOf
3399,2524,oneOf
3400,2524,oneOf
3401,2524,oneOf
3402,2524,oneOf
3403,2524,oneOf
3404,2524,oneOf
3405,2524,oneOf
3406,2524,oneOf
3407,2524,oneOf
3408,2482,oneOf
3409,2483,oneOf
3410,2572,oneOf
3411,2537,oneOf
3412,2492,oneOf
3413,2573,oneOf
3414,2532,oneOf
3415,2574,oneOf
3416,2575,oneOf
3417,2414,oneOf
3418,2574,oneOf
3419,2492,oneOf
3420,2556,oneOf
3421,2478,oneOf
3422,2562,oneOf
3423,2474,oneOf
3424,2526,oneOf
3425,2514,oneOf
3426,2514,oneOf
3427,2576,oneOf
3428,2576,oneOf
3429,2576,oneOf
3430,2419,oneOf
3431,2515,oneOf
3432,2515,oneOf
3433,2409,oneOf
3434,2577,oneOf
3435,2492,oneOf
3436,2540,oneOf
3437,2538,oneOf
3438,2578,oneOf
3439,2579,oneOf
3440,2425,oneOf
3441,2498,oneOf
3442,2420,oneOf
3443,2498,oneOf
3444,2512,oneOf
3445,2423,oneOf
3446,2520,oneOf
3447,2474,oneOf
3448,2577,oneOf
3449,2505,oneOf
3450,2505,oneOf
3451,2551,oneOf
3452,2411,oneOf
3453,2542,oneOf
3454,2536,oneOf
3455,2483,oneOf
3456,2542,oneOf
3457,2530,oneOf
3458,2580,oneOf
3459,2561,oneOf
3460,2561,oneOf
3461,2581,oneOf
3462,2582,oneOf
3463,2528,oneOf
3464,2544,oneOf
3465,2489,oneOf
3466,2583,oneOf
3467,2423,oneOf
3468,2511,oneOf
3469,2584,oneOf
3470,2585,oneOf
3471,2491,oneOf
3472,2415,oneOf
3473,2485,oneOf
3474,2485,oneOf
3475,2418,oneOf
3476,2418,oneOf
3477,2421,oneOf
3478,2546,oneOf
3479,2513,oneOf
3480,2489,oneOf
3481,2509,oneOf
3482,2492,oneOf
3483,2499,oneOf
3484,2495,oneOf
3485,2423,oneOf
3486,2474,oneOf
3487,2482,oneOf
3488,2527,oneOf
3489,2501,oneOf
3490,2409,oneOf
3491,2409,oneOf
3492,2586,oneOf
3493,2473,oneOf
3494,2568,oneOf
3495,2474,oneOf
3496,2515,oneOf
3497,2425,oneOf
3498,2568,oneOf
3499,2414,oneOf
3500,2414,oneOf
3501,2514,oneOf
3502,2583,oneOf
3503,2583,oneOf
3504,2514,oneOf
3505,2525,oneOf
3506,2542,oneOf
3507,2412,oneOf
3508,2514,oneOf
3509,2474,oneOf
3510,2492,oneOf
3511,2425,oneOf
3512,2423,oneOf
3513,2569,oneOf
3514,2514,oneOf
3515,2527,oneOf
3516,2569,oneOf
3517,2425,oneOf
3518,2538,oneOf
3519,2528,oneOf
3520,2495,oneOf
3521,2493,oneOf
3522,2587,oneOf
3523,2588,oneOf
3524,2561,oneOf
3525,2577,oneOf
3526,2537,oneOf
3527,2482,oneOf
3528,2503,oneOf
3529,2482,oneOf
3530,2424,oneOf
3531,2519,oneOf
3532,2502,oneOf
3533,2479,oneOf
3534,2556,oneOf
3535,2502,oneOf
3536,2502,oneOf
3537,2501,oneOf
3538,2420,oneOf
3539,2473,oneOf
3540,2526,oneOf
3541,2473,oneOf
3542,2583,oneOf
3543,2473,oneOf
3544,2419,oneOf
3545,2419,oneOf
3546,2473,oneOf
3547,2589,oneOf
3548,2589,oneOf
3549,2487,oneOf
3550,2487,oneOf
3551,2473,oneOf
3552,2501,oneOf
3553,2501,oneOf
3554,2501,oneOf
3555,2501,oneOf
3556,2501,oneOf
3557,2420,oneOf
3558,2535,oneOf
3559,2521,oneOf
3560,2521,oneOf
3561,2521,oneOf
3562,2473,oneOf
3563,2526,oneOf
3564,2494,oneOf
3565,2420,oneOf
3566,2513,oneOf
3567,2473,oneOf
3568,2423,oneOf
3569,2519,oneOf
3570,2479,oneOf
3571,2511,oneOf
3572,2420,oneOf
3573,2535,oneOf
3574,2416,oneOf
3575,2512,oneOf
3576,2416,oneOf
3577,2511,oneOf
3578,2479,oneOf
3579,2479,oneOf
3580,2519,oneOf
3581,2477,oneOf
3582,2512,oneOf
3583,2535,oneOf
3584,2504,oneOf
3585,2473,oneOf
3586,2479,oneOf
3587,2519,oneOf
3588,2526,oneOf
3589,2487,oneOf
3590,2531,oneOf
3591,2477,oneOf
3592,2419,oneOf
3593,2487,oneOf
3594,2473,oneOf
3595,2479,oneOf
3596,2477,oneOf
3597,2421,oneOf
3598,2423,oneOf
3599,2479,oneOf
3600,2494,oneOf
3601,2477,oneOf
3602,2501,oneOf
3603,2499,oneOf
3604,2483,oneOf
3605,2521,oneOf
3606,2590,oneOf
3607,2487,oneOf
3608,2591,oneOf
3609,2425,oneOf
3610,2425,oneOf
3611,2414,oneOf
3612,2570,oneOf
3613,2570,oneOf
3614,2570,oneOf
3615,2570,oneOf
3616,2592,oneOf
3617,2592,oneOf
3618,2592,oneOf
3619,2592,oneOf
3620,2592,oneOf
3621,2592,oneOf
3622,2592,oneOf
3623,2592,oneOf
3624,2592,oneOf
3625,2592,oneOf
3626,2592,oneOf
3627,2592,oneOf
3628,2592,oneOf
3629,2592,oneOf
3630,2592,oneOf
3631,2592,oneOf
3632,2592,oneOf
3633,2592,oneOf
3634,2592,oneOf
3635,2410,oneOf
3636,2410,oneOf
3637,2410,oneOf
3638,2410,oneOf
3639,2410,oneOf
3640,2410,oneOf
3641,2521,oneOf
3642,2521,oneOf
3643,2521,oneOf
3644,2593,oneOf
3645,2593,oneOf
3646,2593,oneOf
3647,2593,oneOf
3648,2594,oneOf
3649,2594,oneOf
3650,2594,oneOf
3651,2594,oneOf
3652,2594,oneOf
3653,2594,oneOf
3654,2594,oneOf
3655,2594,oneOf
3656,2594,oneOf
3657,2594,oneOf
3658,2527,oneOf
3659,2527,oneOf
3660,2527,oneOf
2611,2594,oneOf
2612,2594,oneOf
3663,2594,oneOf
3664,2594,oneOf
3665,2594,oneOf
3666,2594,oneOf
3667,2968,oneOf
3668,2968,oneOf
3669,2968,oneOf
3670,2968,oneOf
3671,2968,oneOf
3672,2968,oneOf
3673,2968,oneOf
3674,2578,oneOf
3675,2578,oneOf
3676,2578,oneOf
3677,2480,oneOf
3678,2480,oneOf
3679,2546,oneOf
3680,2590,oneOf
3681,2969,oneOf
3682,2412,oneOf
3683,2485,oneOf
3684,2529,oneOf
3685,2474,oneOf
3686,2970,oneOf
3687,2971,oneOf
3688,2493,oneOf
3689,2418,oneOf
3690,2478,oneOf
3691,2972,oneOf
3692,2502,oneOf
3693,2410,oneOf
3694,2410,oneOf
3695,2973,oneOf
3696,2417,oneOf
3697,2970,oneOf
3698,2970,oneOf
3699,2974,oneOf
3700,2974,oneOf
3701,2974,oneOf
3702,2975,oneOf
3703,2975,oneOf
3704,2975,oneOf
3705,2974,oneOf
3706,2974,oneOf
3707,2419,oneOf
3708,2505,oneOf
3709,2976,oneOf
3710,2976,oneOf
3711,2976,oneOf
3712,2976,oneOf
3713,2976,oneOf
3714,2976,oneOf
3715,2976,oneOf
3716,2976,oneOf
3717,2976,oneOf
3718,2976,oneOf
3719,2976,oneOf
3720,2976,oneOf
3721,2976,oneOf
3722,2976,oneOf
3723,2976,oneOf
3724,2524,oneOf
3725,2524,oneOf
3726,2524,oneOf
3727,2524,oneOf
3728,2524,oneOf
3729,2524,oneOf
3730,2524,oneOf
3731,2524,oneOf
3732,2524,oneOf
3733,2524,oneOf
3734,2524,oneOf
3735,2524,oneOf
3736,2524,oneOf
3737,2524,oneOf
3738,2524,oneOf
3739,2524,oneOf
3740,2524,oneOf
3741,2524,oneOf
3742,2524,oneOf
3743,2524,oneOf
3744,2540,oneOf
3745,2540,oneOf
3746,2540,oneOf
3747,2540,oneOf
3748,2540,oneOf
3749,2540,oneOf
3750,2540,oneOf
3751,2540,oneOf
3752,2540,oneOf
3753,2540,oneOf
3754,2540,oneOf
3755,2540,oneOf
3756,2540,oneOf
3757,2540,oneOf
3758,2540,oneOf
3759,2540,oneOf
3760,2540,oneOf
3761,2540,oneOf
3762,2540,oneOf
3763,2540,oneOf
3764,2540,oneOf
3765,2540,oneOf
3766,2540,oneOf
3767,2540,oneOf
3768,2540,oneOf
3769,2540,oneOf
3770,2540,oneOf
3771,2540,oneOf
3772,2542,oneOf
3773,2977,oneOf
3774,2977,oneOf
3775,2977,oneOf
3776,2977,oneOf
3777,2977,oneOf
3778,2977,oneOf
3779,2523,oneOf
3780,2523,oneOf
3781,2523,oneOf
3782,2523,oneOf
3783,2523,oneOf
3784,2523,oneOf
3785,2523,oneOf
3786,2536,oneOf
3787,2978,oneOf
3788,2979,oneOf
3789,2483,oneOf
3790,2483,oneOf
3791,2483,oneOf
3792,2483,oneOf
3793,2483,oneOf
3794,2483,oneOf
3795,2483,oneOf
3796,2483,oneOf
3797,2483,oneOf
3798,2492,oneOf
3799,2536,oneOf
3800,2509,oneOf
3801,2422,oneOf
3802,2422,oneOf
3803,2407,oneOf
3804,2416,oneOf
3805,2512,oneOf
3806,2544,oneOf
3807,2520,oneOf
3808,2421,oneOf
3809,2583,oneOf
3810,2522,oneOf
3811,2514,oneOf
3812,2514,oneOf
3813,2411,oneOf
3814,2411,oneOf
3815,2577,oneOf
3816,2522,oneOf
3817,2980,oneOf
3818,2510,oneOf
3819,2566,oneOf
3820,2566,oneOf
3821,2566,oneOf
3822,2566,oneOf
3823,2566,oneOf
3824,2566,oneOf
3825,2981,oneOf
3826,2536,oneOf
3827,2536,oneOf
3828,2536,oneOf
3829,2536,oneOf
3830,2536,oneOf
3831,2536,oneOf
3832,2536,oneOf
3833,2536,oneOf
3834,2536,oneOf
3835,2536,oneOf
3836,2536,oneOf
3837,2536,oneOf
3838,2536,oneOf
3839,2536,oneOf
3840,2536,oneOf
3841,2536,oneOf
3842,2536,oneOf
3843,2536,oneOf
3844,2982,oneOf
3845,2982,oneOf
3846,2982,oneOf
3847,2982,oneOf
3848,2982,oneOf
3849,2982,oneOf
3850,2982,oneOf
3851,2982,oneOf
3852,2983,oneOf
3853,2983,oneOf
3854,2983,oneOf
3855,2983,oneOf
3856,2984,oneOf
3857,2985,oneOf
3858,2985,oneOf
3859,2985,oneOf
3860,2985,oneOf
3861,2985,oneOf
3862,2985,oneOf
3863,2985,oneOf
3864,2985,oneOf
3865,2985,oneOf
3866,2557,oneOf
3867,2582,oneOf
3868,2494,oneOf
3869,2494,oneOf
3870,2567,oneOf
3871,2567,oneOf
3872,2567,oneOf
3873,2567,oneOf
3874,2567,oneOf
3875,2567,oneOf
3876,2567,oneOf
3877,2567,oneOf
3878,2567,oneOf
3879,2581,oneOf
3880,2581,oneOf
3881,2581,oneOf
3882,2581,oneOf
3883,2581,oneOf
3884,2581,oneOf
3885,2581,oneOf
3886,2581,oneOf
3887,2581,oneOf
3888,2581,oneOf
3889,2581,oneOf
3890,2581,oneOf
3891,2581,oneOf
3892,2581,oneOf
3893,2581,oneOf
3894,2581,oneOf
3895,2581,oneOf
3896,2581,oneOf
3897,2581,oneOf
3898,2581,oneOf
3899,2581,oneOf
3900,2581,oneOf
3901,2585,oneOf
3902,2585,oneOf
3903,2585,oneOf
3904,2585,oneOf
3905,2613,oneOf
3906,2613,oneOf
3907,2613,oneOf
3908,2613,oneOf
3909,2613,oneOf
3910,2613,oneOf
3911,2614,oneOf
3912,2580,oneOf
3913,2580,oneOf
3914,2580,oneOf
3915,2580,oneOf
3916,2580,oneOf
3917,2576,oneOf
3918,2576,oneOf
3919,2576,oneOf
3920,2576,oneOf
3921,2576,oneOf
3922,2576,oneOf
3923,2576,oneOf
3924,2576,oneOf
3925,2576,oneOf
3926,2576,oneOf
3927,2576,oneOf
3928,2576,oneOf
3929,2615,oneOf
3930,2615,oneOf
3931,2615,oneOf
3932,2615,oneOf
3933,2615,oneOf
3934,2615,oneOf
3935,2615,oneOf
3936,2615,oneOf
3937,2615,oneOf
3938,2512,oneOf
3939,2512,oneOf
3940,2616,oneOf
3941,2616,oneOf
3942,2616,oneOf
3943,2616,oneOf
3944,2616,oneOf
3945,2616,oneOf
3946,2616,oneOf
3947,2616,oneOf
3948,2616,oneOf
3949,2616,oneOf
3950,2616,oneOf
3951,2616,oneOf
3952,2616,oneOf
3953,2616,oneOf
3954,2616,oneOf
3955,2616,oneOf
3956,2616,oneOf
3957,2616,oneOf
3958,2616,oneOf
3959,2616,oneOf
3960,2616,oneOf
3961,2617,oneOf
3962,2617,oneOf
3963,2617,oneOf
3964,2617,oneOf
3965,2617,oneOf
3966,2617,oneOf
3967,2617,oneOf
3968,2617,oneOf
3969,2617,oneOf
3970,2617,oneOf
3971,2617,oneOf
3972,2617,oneOf
3973,2617,oneOf
3974,2617,oneOf
3975,2617,oneOf
3976,2505,oneOf
3977,2525,oneOf
3978,2974,oneOf
3979,2974,oneOf
3980,2974,oneOf
3981,2974,oneOf
3982,2974,oneOf
3983,2974,oneOf
3984,2618,oneOf
3985,2619,oneOf
3986,2538,oneOf
3987,2620,oneOf
3988,2620,oneOf
3989,2492,oneOf
3990,2410,oneOf
3991,2527,oneOf
3992,2530,oneOf
3993,2559,oneOf
3994,2473,oneOf
3995,2589,oneOf
3996,2410,oneOf
3997,2492,oneOf
3998,2409,oneOf
3999,2409,oneOf
4000,2409,oneOf
4001,2409,oneOf
4002,2409,oneOf
4003,2409,oneOf
4004,2409,oneOf
4005,2409,oneOf
4006,2409,oneOf
4007,2409,oneOf
4008,2409,oneOf
4009,2409,oneOf
4010,2409,oneOf
4011,2409,oneOf
4012,2409,oneOf
4013,2409,oneOf
4014,2409,oneOf
4015,2409,oneOf
4016,2409,oneOf
4017,2409,oneOf
4018,2409,oneOf
4019,2409,oneOf
4020,2409,oneOf
4021,2409,oneOf
4022,2409,oneOf
4023,2409,oneOf
4024,2409,oneOf
4025,2409,oneOf
4026,2544,oneOf
4027,2503,oneOf
4028,2556,oneOf
4029,2503,oneOf
4030,2414,oneOf
4031,2500,oneOf
4032,2539,oneOf
4033,2410,oneOf
4034,2491,oneOf
4035,2501,oneOf
4036,2501,oneOf
4037,2501,oneOf
4038,2501,oneOf
4039,2485,oneOf
4040,2482,oneOf
4041,2474,oneOf
4042,2485,oneOf
4043,2415,oneOf
4044,2528,oneOf
4045,2410,oneOf
4046,2415,oneOf
4047,2408,oneOf
4048,2538,oneOf
4049,2491,oneOf
4050,2515,oneOf
4051,2515,oneOf
4052,2515,oneOf
4053,2515,oneOf
4054,2515,oneOf
4055,2515,oneOf
4056,2515,oneOf
4057,2515,oneOf
4058,2515,oneOf
4059,2515,oneOf
4060,2423,oneOf
4061,2556,oneOf
4062,2577,oneOf
4063,2491,oneOf
4064,2505,oneOf
4065,2408,oneOf
4066,2408,oneOf
4067,2589,oneOf
4068,2589,oneOf
4069,2589,oneOf
4070,2589,oneOf
4071,2589,oneOf
4072,2589,oneOf
4073,2589,oneOf
4074,2589,oneOf
4075,2589,oneOf
4076,2589,oneOf
4077,2589,oneOf
4078,2589,oneOf
4079,2589,oneOf
4080,2589,oneOf
4081,2589,oneOf
4082,2589,oneOf
4083,2589,oneOf
4084,2589,oneOf
4085,2415,oneOf
4086,2414,oneOf
4087,2414,oneOf
4088,2414,oneOf
4089,2414,oneOf
4090,2414,oneOf
4091,2414,oneOf
4092,2414,oneOf
4093,2414,oneOf
4094,2414,oneOf
4095,2414,oneOf
4096,2414,oneOf
4097,2414,oneOf
4098,2414,oneOf
4099,2414,oneOf
4100,2414,oneOf
4101,2414,oneOf
4102,2414,oneOf
4103,2414,oneOf
4104,2414,oneOf
4105,2414,oneOf
4106,2414,oneOf
4107,2414,oneOf
4108,2414,oneOf
4109,2414,oneOf
4110,2414,oneOf
4111,2414,oneOf
4112,2414,oneOf
4113,2414,oneOf
4114,2414,oneOf
4115,2414,oneOf
4116,2414,oneOf
4117,2414,oneOf
4118,2414,oneOf
4119,2414,oneOf
4120,2414,oneOf
4121,2414,oneOf
4122,2414,oneOf
4123,2414,oneOf
4124,2414,oneOf
4125,2414,oneOf
4126,2414,oneOf
4127,2414,oneOf
4128,2414,oneOf
4129,2414,oneOf
4130,2414,oneOf
4131,2414,oneOf
4132,2414,oneOf
4133,2414,oneOf
4134,2414,oneOf
4135,2414,oneOf
4136,2414,oneOf
4137,2414,oneOf
4138,2414,oneOf
4139,2414,oneOf
4140,2414,oneOf
4141,2414,oneOf
4142,2414,oneOf
4143,2414,oneOf
4144,2414,oneOf
4145,2414,oneOf
4146,2414,oneOf
4147,2414,oneOf
4148,2414,oneOf
4149,2414,oneOf
4150,2414,oneOf
4151,2414,oneOf
4152,2414,oneOf
4153,2414,oneOf
4154,2414,oneOf
4155,2414,oneOf
4156,2414,oneOf
4157,2414,oneOf
4158,2414,oneOf
4159,2414,oneOf
4160,2414,oneOf
4161,2414,oneOf
4162,2414,oneOf
4163,2414,oneOf
4164,2414,oneOf
4165,2414,oneOf
4166,2414,oneOf
4167,2414,oneOf
4168,2414,oneOf
4169,2414,oneOf
4170,2414,oneOf
4171,2414,oneOf
4172,2414,oneOf
4173,2414,oneOf
4174,2414,oneOf
4175,2414,oneOf
4176,2414,oneOf
4177,2414,oneOf
4178,2414,oneOf
4179,2414,oneOf
4180,2414,oneOf
4181,2414,oneOf
4182,2414,oneOf
4183,2414,oneOf
4184,2414,oneOf
4185,2414,oneOf
4186,2414,oneOf
4187,2414,oneOf
4188,2414,oneOf
4189,2414,oneOf
4190,2414,oneOf
4191,2414,oneOf
4192,2414,oneOf
4193,2414,oneOf
4194,2414,oneOf
4195,2414,oneOf
4196,2414,oneOf
4197,2414,oneOf
4198,2414,oneOf
4199,2414,oneOf
4200,2414,oneOf
4201,2414,oneOf
4202,2414,oneOf
4203,2414,oneOf
4204,2414,oneOf
4205,2414,oneOf
4206,2414,oneOf
4207,2414,oneOf
4208,2414,oneOf
4209,2414,oneOf
4210,2414,oneOf
4211,2414,oneOf
4212,2414,oneOf
4213,2414,oneOf
4214,2414,oneOf
4215,2414,oneOf
4216,2414,oneOf
4217,2414,oneOf
4218,2414,oneOf
4219,2414,oneOf
4220,2414,oneOf
4221,2414,oneOf
4222,2414,oneOf
4223,2414,oneOf
4224,2414,oneOf
4225,2414,oneOf
4226,2492,oneOf
4227,2544,oneOf
4228,2568,oneOf
4229,2583,oneOf
4230,2505,oneOf
4231,2474,oneOf
4232,2499,oneOf
4233,2415,oneOf
4234,2573,oneOf
4235,2500,oneOf
4236,2544,oneOf
4237,2517,oneOf
4238,2517,oneOf
4239,2517,oneOf
4240,2517,oneOf
4241,2407,oneOf
4242,2407,oneOf
4243,2407,oneOf
4244,2407,oneOf
4245,2489,oneOf
4246,2499,oneOf
4247,2499,oneOf
4248,2561,oneOf
4249,2499,oneOf
4250,2499,oneOf
4251,2530,oneOf
4252,2425,oneOf
4253,2425,oneOf
4254,2569,oneOf
4255,2569,oneOf
4256,2542,oneOf
4257,2511,oneOf
4258,2511,oneOf
4259,2511,oneOf
4260,2511,oneOf
4261,2511,oneOf
4262,2511,oneOf
4263,2511,oneOf
4264,2511,oneOf
4265,2511,oneOf
4266,2621,oneOf
4267,2621,oneOf
4268,2621,oneOf
4269,2621,oneOf
4270,2621,oneOf
4271,2621,oneOf
4272,2621,oneOf
4273,2621,oneOf
4274,2621,oneOf
4275,2621,oneOf
4276,2621,oneOf
4277,2621,oneOf
4278,2621,oneOf
4279,2621,oneOf
4280,2621,oneOf
4281,2621,oneOf
4282,2621,oneOf
4283,2621,oneOf
4284,2621,oneOf
4285,2621,oneOf
4286,2621,oneOf
4287,2621,oneOf
4288,2621,oneOf
4289,2621,oneOf
4290,2621,oneOf
4291,2621,oneOf
4292,2621,oneOf
4293,2621,oneOf
4294,2972,oneOf
4295,2972,oneOf
4296,2972,oneOf
4297,2972,oneOf
4298,2972,oneOf
4299,2972,oneOf
4300,2972,oneOf
4301,2972,oneOf
4302,2972,oneOf
4303,2474,oneOf
4304,2474,oneOf
4305,2474,oneOf
4306,2474,oneOf
4307,2474,oneOf
4308,2474,oneOf
4309,2474,oneOf
4310,2474,oneOf
4311,2474,oneOf
4312,2474,oneOf
4313,2474,oneOf
4314,2474,oneOf
4315,2474,oneOf
4316,2474,oneOf
4317,2474,oneOf
4318,2474,oneOf
4319,2474,oneOf
4320,2474,oneOf
4321,2474,oneOf
4322,2474,oneOf
4323,2474,oneOf
4324,2474,oneOf
4325,2474,oneOf
4326,2474,oneOf
4327,2558,oneOf
4328,2558,oneOf
4329,2558,oneOf
4330,2558,oneOf
4331,2558,oneOf
4332,2558,oneOf
4333,2559,oneOf
4334,2559,oneOf
4335,2559,oneOf
4336,2559,oneOf
4337,2559,oneOf
4338,2559,oneOf
4339,2559,oneOf
4340,2559,oneOf
4341,2559,oneOf
4342,2559,oneOf
4343,2559,oneOf
4344,2559,oneOf
4345,2559,oneOf
4346,2516,oneOf
4347,2516,oneOf
4348,2516,oneOf
4349,2516,oneOf
4350,2516,oneOf
4351,2516,oneOf
4352,2516,oneOf
4353,2516,oneOf
4354,2516,oneOf
4355,2516,oneOf
4356,2516,oneOf
4357,2516,oneOf
4358,2516,oneOf
4359,2516,oneOf
4360,2516,oneOf
4361,2516,oneOf
4362,2516,oneOf
4363,2622,oneOf
4364,2622,oneOf
4365,2622,oneOf
4366,2622,oneOf
4367,2622,oneOf
4368,2475,oneOf
4369,2416,oneOf
4370,2423,oneOf
4371,2498,oneOf
4372,2407,oneOf
4373,2420,oneOf
4374,2498,oneOf
4375,2498,oneOf
4376,2498,oneOf
4377,2498,oneOf
4378,2498,oneOf
4379,2498,oneOf
4380,2498,oneOf
4381,2498,oneOf
4382,2498,oneOf
4383,2498,oneOf
4384,2498,oneOf
4385,2498,oneOf
4386,2498,oneOf
4387,2498,oneOf
4388,2498,oneOf
4389,2498,oneOf
4390,2498,oneOf
4391,2498,oneOf
4392,2498,oneOf
4393,2498,oneOf
4394,2498,oneOf
4395,2498,oneOf
4396,2498,oneOf
4397,2614,oneOf
4398,2493,oneOf
4399,2563,oneOf
4400,2546,oneOf
4401,2546,oneOf
4402,2546,oneOf
4403,2520,oneOf
4404,2520,oneOf
4405,2520,oneOf
4406,2520,oneOf
4407,2520,oneOf
4408,2520,oneOf
4409,2520,oneOf
4410,2520,oneOf
4411,2520,oneOf
4412,2520,oneOf
4413,2520,oneOf
4414,2520,oneOf
4415,2520,oneOf
4416,2520,oneOf
4417,2520,oneOf
4418,2520,oneOf
4419,2520,oneOf
4420,2520,oneOf
4421,2520,oneOf
4422,2520,oneOf
4423,2520,oneOf
4424,2520,oneOf
4425,2520,oneOf
4426,2520,oneOf
4427,2520,oneOf
4428,2520,oneOf
4429,2520,oneOf
4430,2520,oneOf
4431,2520,oneOf
4432,2520,oneOf
4433,2520,oneOf
4434,2520,oneOf
4435,2520,oneOf
4436,2520,oneOf
4437,2520,oneOf
4438,2520,oneOf
4439,2520,oneOf
4440,2520,oneOf
4441,2520,oneOf
4442,2520,oneOf
4443,2520,oneOf
4444,2520,oneOf
4445,2520,oneOf
4446,2520,oneOf
4447,2520,oneOf
4448,2520,oneOf
4449,2520,oneOf
4450,2520,oneOf
4451,2520,oneOf
4452,2520,oneOf
4453,2520,oneOf
4454,2520,oneOf
4455,2520,oneOf
4456,2520,oneOf
4457,2520,oneOf
4458,2520,oneOf
4459,2520,oneOf
4460,2520,oneOf
4461,2520,oneOf
4462,2520,oneOf
4463,2520,oneOf
4464,2526,oneOf
4465,2526,oneOf
4466,2421,oneOf
4467,2530,oneOf
4468,2530,oneOf
4469,2530,oneOf
4470,2530,oneOf
4471,2530,oneOf
4472,2530,oneOf
4473,2530,oneOf
4474,2530,oneOf
4475,2530,oneOf
4476,2530,oneOf
4477,2530,oneOf
4478,2530,oneOf
4479,2530,oneOf
4480,2530,oneOf
4481,2530,oneOf
4482,2530,oneOf
4483,2473,oneOf
4484,2507,oneOf
4485,2485,oneOf
4486,2410,oneOf
4487,2410,oneOf
4488,2410,oneOf
4489,2410,oneOf
4490,2410,oneOf
4491,2410,oneOf
4492,2410,oneOf
4493,2410,oneOf
4494,2410,oneOf
4495,2410,oneOf
4496,2410,oneOf
4497,2410,oneOf
4498,2410,oneOf
4499,2410,oneOf
4500,2410,oneOf
4501,2410,oneOf
4502,2410,oneOf
4503,2410,oneOf
4504,2410,oneOf
4505,2410,oneOf
4506,2410,oneOf
4507,2410,oneOf
4508,2410,oneOf
4509,2410,oneOf
4510,2410,oneOf
4511,2410,oneOf
4512,2410,oneOf
4513,2410,oneOf
4514,2410,oneOf
4515,2410,oneOf
4516,2410,oneOf
4517,2410,oneOf
4518,2513,oneOf
4519,2491,oneOf
4520,2491,oneOf
4521,2491,oneOf
4522,2491,oneOf
4523,2491,oneOf
4524,2491,oneOf
4525,2491,oneOf
4526,2423,oneOf
4527,2423,oneOf
4528,2423,oneOf
4529,2423,oneOf
4530,2423,oneOf
4531,2423,oneOf
4532,2423,oneOf
4533,2423,oneOf
4534,2423,oneOf
4535,2423,oneOf
4536,2561,oneOf
4537,2561,oneOf
4538,2493,oneOf
4539,2411,oneOf
4540,2419,oneOf
4541,2419,oneOf
4542,2419,oneOf
4543,2419,oneOf
4544,2419,oneOf
4545,2419,oneOf
4546,2419,oneOf
4547,2493,oneOf
4548,2485,oneOf
4549,2416,oneOf
4550,2522,oneOf
4551,2415,oneOf
4552,2412,oneOf
4553,2522,oneOf
4554,2971,oneOf
4555,2971,oneOf
4556,2415,oneOf
4557,2583,oneOf
4558,2568,oneOf
4559,2971,oneOf
4560,2522,oneOf
4561,2415,oneOf
4562,2415,oneOf
4563,2415,oneOf
4564,2415,oneOf
4565,2415,oneOf
4566,2415,oneOf
4567,2415,oneOf
4568,2415,oneOf
4569,2415,oneOf
4570,2415,oneOf
4571,2415,oneOf
4572,2415,oneOf
4573,2415,oneOf
4574,2415,oneOf
4575,2415,oneOf
4576,2415,oneOf
4577,2415,oneOf
4578,2415,oneOf
4579,2525,oneOf
4580,2525,oneOf
4581,2525,oneOf
4582,2525,oneOf
4583,2525,oneOf
4584,2525,oneOf
4585,2525,oneOf
4586,2525,oneOf
4587,2525,oneOf
4588,2525,oneOf
4589,2525,oneOf
4590,2525,oneOf
4591,2525,oneOf
4592,2525,oneOf
4593,2525,oneOf
4594,2525,oneOf
4595,2525,oneOf
4596,2525,oneOf
4597,2525,oneOf
4598,2525,oneOf
4599,2525,oneOf
4600,2525,oneOf
4601,2525,oneOf
4602,2525,oneOf
4603,2525,oneOf
4604,2525,oneOf
4605,2525,oneOf
4606,2525,oneOf
4607,2525,oneOf
4608,2525,oneOf
4609,2525,oneOf
4610,2525,oneOf
4611,2525,oneOf
4612,2525,oneOf
4613,2509,oneOf
4614,2485,oneOf
4615,2485,oneOf
4616,2485,oneOf
4617,2485,oneOf
4618,2485,oneOf
4619,2485,oneOf
4620,2485,oneOf
4621,2485,oneOf
4622,2485,oneOf
4623,2485,oneOf
4624,2485,oneOf
4625,2485,oneOf
4626,2485,oneOf
4627,2485,oneOf
4628,2485,oneOf
4629,2485,oneOf
4630,2485,oneOf
4631,2485,oneOf
4632,2485,oneOf
4633,2485,oneOf
4634,2485,oneOf
4635,2485,oneOf
4636,2485,oneOf
4637,2485,oneOf
4638,2485,oneOf
4639,2485,oneOf
4640,2485,oneOf
4641,2485,oneOf
4642,2485,oneOf
4643,2485,oneOf
4644,2527,oneOf
4645,2527,oneOf
4646,2527,oneOf
4647,2527,oneOf
4648,2527,oneOf
4649,2527,oneOf
4650,2527,oneOf
4651,2527,oneOf
3661,2527,oneOf
3662,2527,oneOf
4663,2527,oneOf
4664,2527,oneOf
4665,2527,oneOf
4666,2527,oneOf
4667,2527,oneOf
4668,2527,oneOf
4669,2527,oneOf
4670,2527,oneOf
4671,2527,oneOf
4672,2527,oneOf
4673,2527,oneOf
4674,2527,oneOf
4675,2527,oneOf
4676,2527,oneOf
4677,2527,oneOf
4678,2417,oneOf
4679,2417,oneOf
4680,2417,oneOf
4681,2417,oneOf
4682,2417,oneOf
4683,2492,oneOf
4684,2492,oneOf
4685,2492,oneOf
4686,2492,oneOf
4687,2492,oneOf
4688,2492,oneOf
4689,2492,oneOf
4690,2492,oneOf
4691,2492,oneOf
4692,2492,oneOf
4693,2492,oneOf
4694,2492,oneOf
4695,2492,oneOf
4696,2492,oneOf
4697,2492,oneOf
4698,2492,oneOf
4699,2492,oneOf
4700,2492,oneOf
4701,2492,oneOf
4702,2492,oneOf
4703,2514,oneOf
4704,2514,oneOf
4705,2514,oneOf
4706,2514,oneOf
4707,2514,oneOf
4708,2514,oneOf
4709,2514,oneOf
4710,2475,oneOf
4711,2475,oneOf
4712,2550,oneOf
4713,2550,oneOf
4714,2550,oneOf
4715,2550,oneOf
4716,2550,oneOf
4717,2550,oneOf
4718,2550,oneOf
4719,2569,oneOf
4720,2569,oneOf
4721,2569,oneOf
4722,2569,oneOf
4723,2569,oneOf
4724,2569,oneOf
4725,2569,oneOf
4726,2569,oneOf
4727,2569,oneOf
4728,2569,oneOf
4729,2569,oneOf
4730,2569,oneOf
4731,2569,oneOf
4732,2569,oneOf
4733,2569,oneOf
4734,2569,oneOf
4735,2569,oneOf
4736,2569,oneOf
4737,2569,oneOf
4738,2569,oneOf
4739,2542,oneOf
4740,2542,oneOf
4741,2542,oneOf
4742,2542,oneOf
4743,2542,oneOf
4744,2542,oneOf
4745,2478,oneOf
4746,2478,oneOf
4747,2478,oneOf
4748,2478,oneOf
4749,2478,oneOf
4750,2478,oneOf
4751,2478,oneOf
4752,2478,oneOf
4753,2478,oneOf
4754,2478,oneOf
4755,2478,oneOf
4756,2493,oneOf
4757,2425,oneOf
4758,2425,oneOf
4759,2425,oneOf
4760,2425,oneOf
4761,2425,oneOf
4762,2425,oneOf
4763,2425,oneOf
4764,2425,oneOf
4765,2425,oneOf
4766,2425,oneOf
4767,2425,oneOf
4768,2538,oneOf
4769,2538,oneOf
4770,2538,oneOf
4771,2538,oneOf
4772,2561,oneOf
4773,2420,oneOf
4774,2573,oneOf
4775,2422,oneOf
4776,2422,oneOf
4777,2482,oneOf
4778,2978,oneOf
4779,2526,oneOf
4780,2526,oneOf
4781,2526,oneOf
4782,2526,oneOf
4783,2526,oneOf
4784,2526,oneOf
4785,2526,oneOf
4786,2482,oneOf
4787,2482,oneOf
4788,2482,oneOf
4789,2482,oneOf
4790,2482,oneOf
4791,2482,oneOf
4792,2482,oneOf
4793,2482,oneOf
4794,2482,oneOf
4795,2482,oneOf
4796,2482,oneOf
4797,2482,oneOf
4798,2482,oneOf
4799,2482,oneOf
4800,2482,oneOf
4801,2482,oneOf
4802,2482,oneOf
4803,2482,oneOf
4804,2482,oneOf
4805,2482,oneOf
4806,2482,oneOf
4807,2482,oneOf
4808,2482,oneOf
4809,2482,oneOf
4810,2482,oneOf
4811,2522,oneOf
4812,2412,oneOf
4813,2412,oneOf
4814,2412,oneOf
4815,2504,oneOf
4816,2504,oneOf
4817,2504,oneOf
4818,2504,oneOf
4819,2504,oneOf
4820,2504,oneOf
4821,2486,oneOf
4822,2486,oneOf
4823,2486,oneOf
4824,2486,oneOf
4825,2486,oneOf
4826,2486,oneOf
4827,2486,oneOf
4828,2486,oneOf
4829,2486,oneOf
4830,2486,oneOf
4831,2411,oneOf
4832,2411,oneOf
4833,2411,oneOf
4834,2411,oneOf
4835,2411,oneOf
4836,2411,oneOf
4837,2411,oneOf
4838,2489,oneOf
4839,2489,oneOf
4840,2489,oneOf
4841,2489,oneOf
4842,2489,oneOf
4843,2489,oneOf
4844,2489,oneOf
4845,2518,oneOf
4846,2518,oneOf
4847,2518,oneOf
4848,2518,oneOf
4849,2518,oneOf
4850,2518,oneOf
4851,2518,oneOf
4852,2518,oneOf
4853,2518,oneOf
4854,2575,oneOf
4855,2493,oneOf
4856,2543,oneOf
4857,2487,oneOf
4858,2528,oneOf
4859,2563,oneOf
4860,2563,oneOf
4861,2563,oneOf
4862,2563,oneOf
4863,2563,oneOf
4864,2563,oneOf
4865,2563,oneOf
4866,2563,oneOf
4867,2416,oneOf
4868,2416,oneOf
4869,2416,oneOf
4870,2416,oneOf
4871,2416,oneOf
4872,2416,oneOf
4873,2416,oneOf
4874,2407,oneOf
4875,2407,oneOf
4876,2407,oneOf
4877,2407,oneOf
4878,2407,oneOf
4879,2407,oneOf
4880,2407,oneOf
4881,2407,oneOf
4882,2407,oneOf
4883,2407,oneOf
4884,2407,oneOf
4885,2420,oneOf
4886,2420,oneOf
4887,2420,oneOf
4888,2493,oneOf
4889,2493,oneOf
4890,2493,oneOf
4891,2493,oneOf
4892,2493,oneOf
4893,2493,oneOf
4894,2493,oneOf
4895,2505,oneOf
4896,2505,oneOf
4897,2505,oneOf
4898,2505,oneOf
4899,2505,oneOf
4900,2505,oneOf
4901,2505,oneOf
4902,2505,oneOf
4903,2505,oneOf
4904,2505,oneOf
4905,2505,oneOf
4906,2562,oneOf
4907,2562,oneOf
4908,2562,oneOf
4909,2500,oneOf
4910,2500,oneOf
4911,2500,oneOf
4912,2500,oneOf
4913,2500,oneOf
4914,2500,oneOf
4915,2500,oneOf
4916,2500,oneOf
4917,2500,oneOf
4918,2500,oneOf
4919,2492,oneOf
4920,2492,oneOf
4921,2492,oneOf
4922,2492,oneOf
4923,2492,oneOf
4924,2492,oneOf
4925,2492,oneOf
4926,2492,oneOf
4927,2492,oneOf
4928,2492,oneOf
4929,2492,oneOf
4930,2492,oneOf
4931,2492,oneOf
4932,2492,oneOf
4933,2492,oneOf
4934,2492,oneOf
4935,2492,oneOf
4936,2492,oneOf
4937,2492,oneOf
4938,2492,oneOf
4939,2492,oneOf
4940,2492,oneOf
4941,2492,oneOf
4942,2492,oneOf
4943,2492,oneOf
4944,2561,oneOf
4945,2971,oneOf
4946,2971,oneOf
4947,2971,oneOf
4948,2971,oneOf
4949,2971,oneOf
4950,2971,oneOf
4951,2971,oneOf
4952,2971,oneOf
4953,2587,oneOf
4954,2587,oneOf
4955,2522,oneOf
4956,2522,oneOf
4957,2522,oneOf
4958,2522,oneOf
4959,2522,oneOf
4960,2522,oneOf
4961,2522,oneOf
4962,2522,oneOf
4963,2583,oneOf
4964,2583,oneOf
4965,2568,oneOf
4966,2568,oneOf
4967,2568,oneOf
4968,2568,oneOf
4969,2568,oneOf
4970,2568,oneOf
4971,2568,oneOf
4972,2568,oneOf
4973,2568,oneOf
4974,2568,oneOf
4975,2568,oneOf
4976,2568,oneOf
4977,2568,oneOf
4978,2568,oneOf
4979,2568,oneOf
4980,2568,oneOf
4981,2568,oneOf
4982,2568,oneOf
4983,2568,oneOf
4984,2568,oneOf
4985,2568,oneOf
4986,2568,oneOf
4987,2568,oneOf
4988,2568,oneOf
4989,2568,oneOf
4990,2568,oneOf
4991,2568,oneOf
4992,2568,oneOf
4993,2568,oneOf
4994,2568,oneOf
4995,2503,oneOf
4996,2503,oneOf
4997,2503,oneOf
4998,2503,oneOf
4999,2503,oneOf
5000,2503,oneOf
5001,2503,oneOf
5002,2503,oneOf
5003,2503,oneOf
5004,2503,oneOf
5005,2503,oneOf
5006,2503,oneOf
5007,2503,oneOf
5008,2503,oneOf
5009,2503,oneOf
5010,2503,oneOf
5011,2503,oneOf
5012,2503,oneOf
5013,2503,oneOf
5014,2543,oneOf
5015,2588,oneOf
5016,2588,oneOf
5017,2588,oneOf
5018,2588,oneOf
5019,2588,oneOf
5020,2561,oneOf
5021,2973,oneOf
5022,2545,oneOf
5023,2495,oneOf
5024,2495,oneOf
5025,2595,oneOf
5026,2595,oneOf
5027,2596,oneOf
5028,2596,oneOf
5029,2597,oneOf
5030,2973,oneOf
5031,2973,oneOf
5032,2973,oneOf
5033,2973,oneOf
5034,2973,oneOf
5035,2973,oneOf
5036,2973,oneOf
5037,2973,oneOf
5038,2973,oneOf
5039,2973,oneOf
5040,2973,oneOf
5041,2973,oneOf
5042,2973,oneOf
5043,2973,oneOf
5044,2973,oneOf
5045,2973,oneOf
5046,2973,oneOf
5047,2973,oneOf
5048,2598,oneOf
5049,2598,oneOf
5050,2598,oneOf
5051,2598,oneOf
5052,2598,oneOf
5053,2598,oneOf
5054,2598,oneOf
5055,2598,oneOf
5056,2598,oneOf
5057,2598,oneOf
5058,2598,oneOf
5059,2598,oneOf
5060,2571,oneOf
5061,2571,oneOf
5062,2571,oneOf
5063,2571,oneOf
5064,2571,oneOf
5065,2571,oneOf
5066,2571,oneOf
5067,2571,oneOf
5068,2571,oneOf
5069,2571,oneOf
5070,2571,oneOf
5071,2571,oneOf
5072,2571,oneOf
5073,2571,oneOf
5074,2571,oneOf
5075,2571,oneOf
5076,2571,oneOf
5077,2571,oneOf
5078,2571,oneOf
5079,2571,oneOf
5080,2571,oneOf
5081,2571,oneOf
5082,2614,oneOf
5083,2614,oneOf
5084,2614,oneOf
5085,2614,oneOf
5086,2614,oneOf
5087,2614,oneOf
5088,2614,oneOf
5089,2614,oneOf
5090,2614,oneOf
5091,2599,oneOf
5092,2599,oneOf
5093,2599,oneOf
5094,2599,oneOf
5095,2599,oneOf
5096,2599,oneOf
5097,2599,oneOf
5098,2599,oneOf
5099,2599,oneOf
5100,2560,oneOf
5101,2560,oneOf
5102,2560,oneOf
5103,2560,oneOf
5104,2573,oneOf
5105,2573,oneOf
5106,2561,oneOf
5107,2575,oneOf
5108,2502,oneOf
5109,2575,oneOf
5110,2575,oneOf
5111,2575,oneOf
5112,2575,oneOf
5113,2575,oneOf
5114,2575,oneOf
5115,2575,oneOf
5116,2575,oneOf
5117,2575,oneOf
5118,2575,oneOf
5119,2575,oneOf
5120,2575,oneOf
5121,2575,oneOf
5122,2575,oneOf
5123,2575,oneOf
5124,2575,oneOf
5125,2575,oneOf
5126,2575,oneOf
5127,2575,oneOf
5128,2575,oneOf
5129,2556,oneOf
5130,2556,oneOf
5131,2556,oneOf
5132,2556,oneOf
5133,2556,oneOf
5134,2556,oneOf
5135,2556,oneOf
5136,2556,oneOf
5137,2556,oneOf
5138,2556,oneOf
5139,2556,oneOf
5140,2556,oneOf
5141,2556,oneOf
5142,2556,oneOf
5143,2556,oneOf
5144,2556,oneOf
5145,2556,oneOf
5146,2556,oneOf
5147,2600,oneOf
5148,2600,oneOf
5149,2600,oneOf
5150,2600,oneOf
5151,2600,oneOf
5152,2600,oneOf
5153,2601,oneOf
5154,2601,oneOf
5155,2601,oneOf
5156,2601,oneOf
5157,2601,oneOf
5158,2601,oneOf
5159,2586,oneOf
5160,2586,oneOf
5161,2586,oneOf
5162,2586,oneOf
5163,2586,oneOf
5164,2544,oneOf
5165,2544,oneOf
5166,2544,oneOf
5167,2544,oneOf
5168,2544,oneOf
5169,2544,oneOf
5170,2561,oneOf
5171,2561,oneOf
5172,2561,oneOf
5173,2499,oneOf
5174,2561,oneOf
5175,2561,oneOf
5176,2561,oneOf
5177,2561,oneOf
5178,2561,oneOf
5179,2544,oneOf
5180,2544,oneOf
5181,2499,oneOf
5182,2499,oneOf
5183,2544,oneOf
5184,2544,oneOf
5185,2537,oneOf
5186,2537,oneOf
5187,2537,oneOf
5188,2537,oneOf
5189,2537,oneOf
5190,2537,oneOf
5191,2537,oneOf
5192,2537,oneOf
5193,2537,oneOf
5194,2537,oneOf
5195,2537,oneOf
5196,2537,oneOf
5197,2537,oneOf
5198,2537,oneOf
5199,2537,oneOf
5200,2537,oneOf
99,5205,PriceIn
101,5205,PriceIn
109,5205,PriceIn
119,5205,PriceIn
135,5205,PriceIn
163,5205,PriceIn
185,5205,PriceIn
197,5205,PriceIn
212,5205,PriceIn
223,5205,PriceIn
231,5205,PriceIn
3415,5205,PriceIn
41,5204,PriceIn
69,5204,PriceIn
83,5204,PriceIn
89,5204,PriceIn
93,5204,PriceIn
96,5204,PriceIn
102,5204,PriceIn
107,5204,PriceIn
115,5204,PriceIn
117,5204,PriceIn
122,5204,PriceIn
123,5204,PriceIn
136,5204,PriceIn
139,5204,PriceIn
142,5204,PriceIn
147,5204,PriceIn
149,5204,PriceIn
155,5204,PriceIn
162,5204,PriceIn
165,5204,PriceIn
170,5204,PriceIn
187,5204,PriceIn
189,5204,PriceIn
190,5204,PriceIn
196,5204,PriceIn
206,5204,PriceIn
217,5204,PriceIn
220,5204,PriceIn
225,5204,PriceIn
226,5204,PriceIn
228,5204,PriceIn
230,5204,PriceIn
3085,5204,PriceIn
3157,5204,PriceIn
3320,5204,PriceIn
3418,5204,PriceIn
43,5203,PriceIn
46,5203,PriceIn
84,5203,PriceIn
91,5203,PriceIn
98,5203,PriceIn
103,5203,PriceIn
104,5203,PriceIn
106,5203,PriceIn
110,5203,PriceIn
124,5203,PriceIn
131,5203,PriceIn
133,5203,PriceIn
137,5203,PriceIn
140,5203,PriceIn
141,5203,PriceIn
143,5203,PriceIn
146,5203,PriceIn
152,5203,PriceIn
153,5203,PriceIn
157,5203,PriceIn
160,5203,PriceIn
167,5203,PriceIn
188,5203,PriceIn
194,5203,PriceIn
200,5203,PriceIn
213,5203,PriceIn
214,5203,PriceIn
222,5203,PriceIn
224,5203,PriceIn
229,5203,PriceIn
2630,5203,PriceIn
2631,5203,PriceIn
2637,5203,PriceIn
2638,5203,PriceIn
2648,5203,PriceIn
2668,5203,PriceIn
2671,5203,PriceIn
2677,5203,PriceIn
2684,5203,PriceIn
2688,5203,PriceIn
2709,5203,PriceIn
2722,5203,PriceIn
2724,5203,PriceIn
2726,5203,PriceIn
2727,5203,PriceIn
2749,5203,PriceIn
2767,5203,PriceIn
2768,5203,PriceIn
2772,5203,PriceIn
2774,5203,PriceIn
2775,5203,PriceIn
2776,5203,PriceIn
2778,5203,PriceIn
2779,5203,PriceIn
2782,5203,PriceIn
2812,5203,PriceIn
2850,5203,PriceIn
2872,5203,PriceIn
2873,5203,PriceIn
2881,5203,PriceIn
2884,5203,PriceIn
2888,5203,PriceIn
2891,5203,PriceIn
2898,5203,PriceIn
2899,5203,PriceIn
2901,5203,PriceIn
2905,5203,PriceIn
2907,5203,PriceIn
2911,5203,PriceIn
2933,5203,PriceIn
2934,5203,PriceIn
2942,5203,PriceIn
2947,5203,PriceIn
2953,5203,PriceIn
2959,5203,PriceIn
2960,5203,PriceIn
2963,5203,PriceIn
3013,5203,PriceIn
3030,5203,PriceIn
3031,5203,PriceIn
3035,5203,PriceIn
3038,5203,PriceIn
3039,5203,PriceIn
3041,5203,PriceIn
3045,5203,PriceIn
3047,5203,PriceIn
3048,5203,PriceIn
3051,5203,PriceIn
3055,5203,PriceIn
3056,5203,PriceIn
3057,5203,PriceIn
3063,5203,PriceIn
3066,5203,PriceIn
3071,5203,PriceIn
3074,5203,PriceIn
3075,5203,PriceIn
3076,5203,PriceIn
3079,5203,PriceIn
3102,5203,PriceIn
3104,5203,PriceIn
3107,5203,PriceIn
3114,5203,PriceIn
3117,5203,PriceIn
3123,5203,PriceIn
3127,5203,PriceIn
3129,5203,PriceIn
3130,5203,PriceIn
3133,5203,PriceIn
3137,5203,PriceIn
3138,5203,PriceIn
3139,5203,PriceIn
3140,5203,PriceIn
3146,5203,PriceIn
3150,5203,PriceIn
3152,5203,PriceIn
3159,5203,PriceIn
3161,5203,PriceIn
3162,5203,PriceIn
3163,5203,PriceIn
3167,5203,PriceIn
3169,5203,PriceIn
3171,5203,PriceIn
3172,5203,PriceIn
3174,5203,PriceIn
3177,5203,PriceIn
3178,5203,PriceIn
3179,5203,PriceIn
3180,5203,PriceIn
3181,5203,PriceIn
3182,5203,PriceIn
3183,5203,PriceIn
3185,5203,PriceIn
3186,5203,PriceIn
3187,5203,PriceIn
3188,5203,PriceIn
3189,5203,PriceIn
3190,5203,PriceIn
3191,5203,PriceIn
3207,5203,PriceIn
3213,5203,PriceIn
3215,5203,PriceIn
3216,5203,PriceIn
3219,5203,PriceIn
3220,5203,PriceIn
3221,5203,PriceIn
3222,5203,PriceIn
3224,5203,PriceIn
3225,5203,PriceIn
3229,5203,PriceIn
3231,5203,PriceIn
3234,5203,PriceIn
3235,5203,PriceIn
3237,5203,PriceIn
3238,5203,PriceIn
3239,5203,PriceIn
3243,5203,PriceIn
3247,5203,PriceIn
3248,5203,PriceIn
3253,5203,PriceIn
3254,5203,PriceIn
3256,5203,PriceIn
3257,5203,PriceIn
3260,5203,PriceIn
3261,5203,PriceIn
3263,5203,PriceIn
3267,5203,PriceIn
3271,5203,PriceIn
3278,5203,PriceIn
3283,5203,PriceIn
3288,5203,PriceIn
3289,5203,PriceIn
3292,5203,PriceIn
3295,5203,PriceIn
3307,5203,PriceIn
3309,5203,PriceIn
3310,5203,PriceIn
3323,5203,PriceIn
3325,5203,PriceIn
3340,5203,PriceIn
3341,5203,PriceIn
3342,5203,PriceIn
3349,5203,PriceIn
3364,5203,PriceIn
3372,5203,PriceIn
3373,5203,PriceIn
3374,5203,PriceIn
3383,5203,PriceIn
3387,5203,PriceIn
3389,5203,PriceIn
3413,5203,PriceIn
3416,5203,PriceIn
3426,5203,PriceIn
3427,5203,PriceIn
3428,5203,PriceIn
3438,5203,PriceIn
3444,5203,PriceIn
3452,5203,PriceIn
3464,5203,PriceIn
3469,5203,PriceIn
3478,5203,PriceIn
3479,5203,PriceIn
3493,5203,PriceIn
3501,5203,PriceIn
3513,5203,PriceIn
44,5202,PriceIn
85,5202,PriceIn
86,5202,PriceIn
87,5202,PriceIn
88,5202,PriceIn
90,5202,PriceIn
92,5202,PriceIn
100,5202,PriceIn
105,5202,PriceIn
108,5202,PriceIn
111,5202,PriceIn
112,5202,PriceIn
116,5202,PriceIn
125,5202,PriceIn
129,5202,PriceIn
134,5202,PriceIn
144,5202,PriceIn
148,5202,PriceIn
150,5202,PriceIn
151,5202,PriceIn
159,5202,PriceIn
164,5202,PriceIn
183,5202,PriceIn
191,5202,PriceIn
193,5202,PriceIn
195,5202,PriceIn
198,5202,PriceIn
199,5202,PriceIn
201,5202,PriceIn
202,5202,PriceIn
205,5202,PriceIn
207,5202,PriceIn
209,5202,PriceIn
210,5202,PriceIn
215,5202,PriceIn
216,5202,PriceIn
55,5205,PriceIn
56,5205,PriceIn
67,5205,PriceIn
70,5205,PriceIn
75,5205,PriceIn
82,5205,PriceIn
94,5205,PriceIn
95,5205,PriceIn
218,5202,PriceIn
221,5202,PriceIn
2624,5202,PriceIn
2625,5202,PriceIn
2626,5202,PriceIn
2627,5202,PriceIn
2628,5202,PriceIn
2629,5202,PriceIn
2633,5202,PriceIn
2635,5202,PriceIn
2639,5202,PriceIn
2640,5202,PriceIn
2641,5202,PriceIn
2643,5202,PriceIn
2644,5202,PriceIn
2645,5202,PriceIn
2646,5202,PriceIn
2647,5202,PriceIn
2649,5202,PriceIn
2650,5202,PriceIn
2651,5202,PriceIn
2652,5202,PriceIn
2653,5202,PriceIn
2655,5202,PriceIn
2656,5202,PriceIn
2657,5202,PriceIn
2658,5202,PriceIn
2659,5202,PriceIn
2660,5202,PriceIn
2661,5202,PriceIn
2662,5202,PriceIn
2663,5202,PriceIn
2664,5202,PriceIn
2665,5202,PriceIn
2666,5202,PriceIn
2667,5202,PriceIn
2670,5202,PriceIn
2673,5202,PriceIn
2674,5202,PriceIn
2675,5202,PriceIn
2678,5202,PriceIn
2679,5202,PriceIn
2680,5202,PriceIn
2681,5202,PriceIn
2682,5202,PriceIn
2683,5202,PriceIn
2685,5202,PriceIn
2686,5202,PriceIn
2689,5202,PriceIn
2690,5202,PriceIn
2694,5202,PriceIn
2695,5202,PriceIn
2696,5202,PriceIn
2698,5202,PriceIn
2701,5202,PriceIn
2702,5202,PriceIn
2703,5202,PriceIn
2704,5202,PriceIn
2705,5202,PriceIn
2706,5202,PriceIn
2707,5202,PriceIn
2708,5202,PriceIn
2710,5202,PriceIn
2711,5202,PriceIn
2712,5202,PriceIn
2713,5202,PriceIn
2714,5202,PriceIn
2715,5202,PriceIn
2717,5202,PriceIn
2718,5202,PriceIn
2719,5202,PriceIn
2720,5202,PriceIn
2721,5202,PriceIn
2725,5202,PriceIn
2728,5202,PriceIn
2729,5202,PriceIn
2730,5202,PriceIn
2731,5202,PriceIn
2732,5202,PriceIn
2733,5202,PriceIn
2735,5202,PriceIn
2736,5202,PriceIn
2738,5202,PriceIn
2739,5202,PriceIn
2742,5202,PriceIn
2743,5202,PriceIn
2745,5202,PriceIn
2746,5202,PriceIn
2747,5202,PriceIn
2748,5202,PriceIn
2750,5202,PriceIn
2751,5202,PriceIn
2752,5202,PriceIn
2753,5202,PriceIn
2754,5202,PriceIn
2755,5202,PriceIn
2756,5202,PriceIn
2757,5202,PriceIn
2758,5202,PriceIn
2759,5202,PriceIn
2760,5202,PriceIn
2761,5202,PriceIn
2762,5202,PriceIn
2763,5202,PriceIn
2764,5202,PriceIn
2765,5202,PriceIn
2766,5202,PriceIn
2769,5202,PriceIn
2777,5202,PriceIn
2780,5202,PriceIn
2781,5202,PriceIn
2784,5202,PriceIn
2785,5202,PriceIn
2786,5202,PriceIn
2787,5202,PriceIn
2788,5202,PriceIn
2790,5202,PriceIn
2791,5202,PriceIn
2792,5202,PriceIn
2793,5202,PriceIn
2794,5202,PriceIn
2795,5202,PriceIn
2796,5202,PriceIn
2797,5202,PriceIn
2798,5202,PriceIn
2799,5202,PriceIn
2800,5202,PriceIn
2801,5202,PriceIn
2802,5202,PriceIn
2803,5202,PriceIn
2804,5202,PriceIn
2805,5202,PriceIn
2806,5202,PriceIn
2808,5202,PriceIn
2809,5202,PriceIn
2810,5202,PriceIn
2811,5202,PriceIn
2813,5202,PriceIn
2814,5202,PriceIn
2815,5202,PriceIn
2816,5202,PriceIn
2817,5202,PriceIn
2818,5202,PriceIn
2819,5202,PriceIn
2820,5202,PriceIn
2821,5202,PriceIn
2822,5202,PriceIn
2823,5202,PriceIn
2824,5202,PriceIn
2825,5202,PriceIn
2826,5202,PriceIn
2827,5202,PriceIn
2828,5202,PriceIn
2829,5202,PriceIn
2830,5202,PriceIn
2831,5202,PriceIn
2832,5202,PriceIn
2833,5202,PriceIn
2839,5202,PriceIn
2842,5202,PriceIn
2846,5202,PriceIn
2848,5202,PriceIn
2849,5202,PriceIn
2851,5202,PriceIn
2852,5202,PriceIn
2853,5202,PriceIn
2855,5202,PriceIn
2856,5202,PriceIn
2857,5202,PriceIn
2858,5202,PriceIn
2859,5202,PriceIn
2860,5202,PriceIn
2861,5202,PriceIn
2862,5202,PriceIn
2863,5202,PriceIn
2864,5202,PriceIn
2865,5202,PriceIn
2866,5202,PriceIn
2867,5202,PriceIn
2868,5202,PriceIn
2869,5202,PriceIn
2870,5202,PriceIn
2871,5202,PriceIn
2874,5202,PriceIn
2875,5202,PriceIn
2876,5202,PriceIn
2877,5202,PriceIn
2878,5202,PriceIn
2879,5202,PriceIn
2882,5202,PriceIn
2886,5202,PriceIn
2887,5202,PriceIn
2889,5202,PriceIn
2890,5202,PriceIn
2892,5202,PriceIn
2893,5202,PriceIn
2894,5202,PriceIn
2895,5202,PriceIn
2896,5202,PriceIn
2897,5202,PriceIn
2902,5202,PriceIn
2906,5202,PriceIn
2908,5202,PriceIn
2910,5202,PriceIn
2912,5202,PriceIn
2913,5202,PriceIn
2914,5202,PriceIn
2915,5202,PriceIn
2916,5202,PriceIn
2918,5202,PriceIn
2919,5202,PriceIn
2922,5202,PriceIn
2923,5202,PriceIn
2935,5202,PriceIn
2937,5202,PriceIn
2939,5202,PriceIn
2940,5202,PriceIn
2941,5202,PriceIn
2943,5202,PriceIn
2944,5202,PriceIn
2945,5202,PriceIn
2946,5202,PriceIn
2948,5202,PriceIn
2949,5202,PriceIn
2950,5202,PriceIn
2951,5202,PriceIn
2952,5202,PriceIn
2954,5202,PriceIn
2955,5202,PriceIn
2956,5202,PriceIn
2957,5202,PriceIn
2958,5202,PriceIn
2961,5202,PriceIn
2962,5202,PriceIn
2964,5202,PriceIn
2965,5202,PriceIn
2966,5202,PriceIn
3004,5202,PriceIn
3005,5202,PriceIn
3006,5202,PriceIn
3007,5202,PriceIn
3008,5202,PriceIn
3011,5202,PriceIn
3012,5202,PriceIn
3014,5202,PriceIn
3015,5202,PriceIn
3016,5202,PriceIn
3017,5202,PriceIn
3018,5202,PriceIn
3019,5202,PriceIn
3021,5202,PriceIn
3023,5202,PriceIn
3024,5202,PriceIn
3025,5202,PriceIn
3026,5202,PriceIn
3027,5202,PriceIn
3028,5202,PriceIn
3029,5202,PriceIn
3032,5202,PriceIn
3033,5202,PriceIn
3034,5202,PriceIn
3036,5202,PriceIn
3037,5202,PriceIn
3040,5202,PriceIn
3042,5202,PriceIn
3044,5202,PriceIn
3046,5202,PriceIn
3049,5202,PriceIn
3052,5202,PriceIn
3053,5202,PriceIn
3054,5202,PriceIn
3058,5202,PriceIn
3060,5202,PriceIn
3062,5202,PriceIn
3064,5202,PriceIn
3067,5202,PriceIn
3069,5202,PriceIn
3073,5202,PriceIn
3077,5202,PriceIn
3078,5202,PriceIn
3080,5202,PriceIn
3082,5202,PriceIn
3084,5202,PriceIn
3086,5202,PriceIn
3088,5202,PriceIn
3091,5202,PriceIn
3096,5202,PriceIn
3097,5202,PriceIn
3098,5202,PriceIn
3099,5202,PriceIn
3100,5202,PriceIn
3101,5202,PriceIn
3103,5202,PriceIn
3105,5202,PriceIn
3106,5202,PriceIn
3108,5202,PriceIn
3109,5202,PriceIn
3110,5202,PriceIn
3111,5202,PriceIn
3112,5202,PriceIn
3113,5202,PriceIn
3115,5202,PriceIn
3116,5202,PriceIn
3118,5202,PriceIn
3119,5202,PriceIn
3120,5202,PriceIn
3121,5202,PriceIn
3122,5202,PriceIn
3124,5202,PriceIn
3125,5202,PriceIn
3126,5202,PriceIn
3132,5202,PriceIn
3134,5202,PriceIn
3135,5202,PriceIn
3136,5202,PriceIn
3141,5202,PriceIn
3142,5202,PriceIn
3143,5202,PriceIn
3144,5202,PriceIn
3145,5202,PriceIn
3149,5202,PriceIn
3154,5202,PriceIn
3158,5202,PriceIn
3166,5202,PriceIn
3168,5202,PriceIn
3173,5202,PriceIn
3175,5202,PriceIn
3176,5202,PriceIn
3184,5202,PriceIn
3192,5202,PriceIn
3193,5202,PriceIn
3194,5202,PriceIn
3195,5202,PriceIn
3196,5202,PriceIn
3197,5202,PriceIn
3198,5202,PriceIn
3199,5202,PriceIn
3200,5202,PriceIn
3201,5202,PriceIn
3202,5202,PriceIn
3203,5202,PriceIn
3205,5202,PriceIn
3206,5202,PriceIn
3208,5202,PriceIn
3209,5202,PriceIn
3210,5202,PriceIn
3211,5202,PriceIn
3212,5202,PriceIn
3214,5202,PriceIn
3217,5202,PriceIn
3218,5202,PriceIn
3223,5202,PriceIn
3226,5202,PriceIn
3227,5202,PriceIn
3228,5202,PriceIn
3230,5202,PriceIn
3232,5202,PriceIn
3233,5202,PriceIn
3236,5202,PriceIn
3240,5202,PriceIn
3241,5202,PriceIn
3242,5202,PriceIn
3244,5202,PriceIn
3245,5202,PriceIn
3246,5202,PriceIn
3249,5202,PriceIn
3250,5202,PriceIn
3251,5202,PriceIn
3252,5202,PriceIn
3255,5202,PriceIn
3258,5202,PriceIn
3259,5202,PriceIn
3262,5202,PriceIn
3264,5202,PriceIn
3265,5202,PriceIn
3266,5202,PriceIn
3269,5202,PriceIn
3272,5202,PriceIn
3274,5202,PriceIn
3275,5202,PriceIn
3276,5202,PriceIn
3277,5202,PriceIn
3280,5202,PriceIn
3281,5202,PriceIn
3282,5202,PriceIn
3284,5202,PriceIn
3285,5202,PriceIn
3286,5202,PriceIn
3287,5202,PriceIn
3291,5202,PriceIn
3293,5202,PriceIn
3294,5202,PriceIn
3297,5202,PriceIn
3298,5202,PriceIn
3299,5202,PriceIn
3301,5202,PriceIn
3302,5202,PriceIn
3303,5202,PriceIn
3304,5202,PriceIn
3305,5202,PriceIn
3306,5202,PriceIn
3308,5202,PriceIn
3311,5202,PriceIn
3312,5202,PriceIn
3313,5202,PriceIn
3314,5202,PriceIn
3315,5202,PriceIn
3316,5202,PriceIn
3318,5202,PriceIn
3319,5202,PriceIn
3321,5202,PriceIn
3322,5202,PriceIn
3324,5202,PriceIn
3326,5202,PriceIn
3327,5202,PriceIn
3328,5202,PriceIn
3329,5202,PriceIn
3330,5202,PriceIn
3331,5202,PriceIn
3332,5202,PriceIn
3333,5202,PriceIn
3335,5202,PriceIn
3338,5202,PriceIn
3339,5202,PriceIn
3343,5202,PriceIn
3346,5202,PriceIn
3347,5202,PriceIn
3348,5202,PriceIn
3350,5202,PriceIn
3351,5202,PriceIn
3352,5202,PriceIn
3353,5202,PriceIn
3354,5202,PriceIn
3355,5202,PriceIn
3356,5202,PriceIn
3357,5202,PriceIn
3358,5202,PriceIn
3359,5202,PriceIn
3360,5202,PriceIn
3361,5202,PriceIn
3362,5202,PriceIn
3363,5202,PriceIn
3365,5202,PriceIn
3366,5202,PriceIn
3367,5202,PriceIn
3368,5202,PriceIn
3369,5202,PriceIn
3370,5202,PriceIn
3371,5202,PriceIn
3375,5202,PriceIn
3378,5202,PriceIn
3379,5202,PriceIn
3380,5202,PriceIn
3381,5202,PriceIn
3384,5202,PriceIn
3385,5202,PriceIn
3386,5202,PriceIn
3388,5202,PriceIn
3391,5202,PriceIn
3408,5202,PriceIn
3411,5202,PriceIn
3414,5202,PriceIn
3420,5202,PriceIn
3421,5202,PriceIn
3422,5202,PriceIn
3423,5202,PriceIn
3424,5202,PriceIn
3425,5202,PriceIn
3429,5202,PriceIn
3430,5202,PriceIn
3431,5202,PriceIn
3432,5202,PriceIn
3433,5202,PriceIn
3434,5202,PriceIn
3435,5202,PriceIn
3437,5202,PriceIn
3439,5202,PriceIn
3440,5202,PriceIn
3441,5202,PriceIn
3442,5202,PriceIn
3443,5202,PriceIn
3445,5202,PriceIn
3446,5202,PriceIn
3448,5202,PriceIn
3451,5202,PriceIn
3453,5202,PriceIn
3454,5202,PriceIn
3457,5202,PriceIn
3459,5202,PriceIn
3460,5202,PriceIn
3461,5202,PriceIn
3462,5202,PriceIn
3463,5202,PriceIn
3465,5202,PriceIn
3466,5202,PriceIn
3467,5202,PriceIn
3468,5202,PriceIn
3471,5202,PriceIn
3472,5202,PriceIn
3473,5202,PriceIn
3474,5202,PriceIn
3475,5202,PriceIn
3476,5202,PriceIn
3477,5202,PriceIn
3480,5202,PriceIn
3481,5202,PriceIn
3483,5202,PriceIn
3484,5202,PriceIn
3485,5202,PriceIn
3486,5202,PriceIn
3487,5202,PriceIn
3488,5202,PriceIn
3489,5202,PriceIn
3490,5202,PriceIn
3491,5202,PriceIn
3492,5202,PriceIn
3494,5202,PriceIn
3495,5202,PriceIn
3496,5202,PriceIn
3497,5202,PriceIn
3498,5202,PriceIn
3502,5202,PriceIn
3504,5202,PriceIn
3505,5202,PriceIn
3507,5202,PriceIn
3508,5202,PriceIn
3509,5202,PriceIn
3511,5202,PriceIn
3512,5202,PriceIn
3514,5202,PriceIn
3515,5202,PriceIn
3516,5202,PriceIn
3517,5202,PriceIn
3518,5202,PriceIn
3519,5202,PriceIn
3520,5202,PriceIn
3523,5202,PriceIn
3524,5202,PriceIn
3525,5202,PriceIn
40,6432,PriceIn
97,6432,PriceIn
113,6432,PriceIn
130,6432,PriceIn
154,6432,PriceIn
192,6432,PriceIn
208,6432,PriceIn
2623,6432,PriceIn
2632,6432,PriceIn
2634,6432,PriceIn
2636,6432,PriceIn
2642,6432,PriceIn
2654,6432,PriceIn
2669,6432,PriceIn
2672,6432,PriceIn
2676,6432,PriceIn
2687,6432,PriceIn
2691,6432,PriceIn
2693,6432,PriceIn
2697,6432,PriceIn
2699,6432,PriceIn
2700,6432,PriceIn
2723,6432,PriceIn
2734,6432,PriceIn
2737,6432,PriceIn
2740,6432,PriceIn
2741,6432,PriceIn
2744,6432,PriceIn
2770,6432,PriceIn
2771,6432,PriceIn
2773,6432,PriceIn
2783,6432,PriceIn
2789,6432,PriceIn
2807,6432,PriceIn
2834,6432,PriceIn
2835,6432,PriceIn
2836,6432,PriceIn
2837,6432,PriceIn
2838,6432,PriceIn
2840,6432,PriceIn
2841,6432,PriceIn
2843,6432,PriceIn
2844,6432,PriceIn
2845,6432,PriceIn
2847,6432,PriceIn
2854,6432,PriceIn
2880,6432,PriceIn
2883,6432,PriceIn
2885,6432,PriceIn
2900,6432,PriceIn
2903,6432,PriceIn
2904,6432,PriceIn
2909,6432,PriceIn
2917,6432,PriceIn
2920,6432,PriceIn
2921,6432,PriceIn
2938,6432,PriceIn
2967,6432,PriceIn
3003,6432,PriceIn
3009,6432,PriceIn
3010,6432,PriceIn
3022,6432,PriceIn
3043,6432,PriceIn
3050,6432,PriceIn
3059,6432,PriceIn
3061,6432,PriceIn
3065,6432,PriceIn
3070,6432,PriceIn
3072,6432,PriceIn
3083,6432,PriceIn
3087,6432,PriceIn
3090,6432,PriceIn
3092,6432,PriceIn
3128,6432,PriceIn
3131,6432,PriceIn
3147,6432,PriceIn
3148,6432,PriceIn
3151,6432,PriceIn
3153,6432,PriceIn
3155,6432,PriceIn
3156,6432,PriceIn
3160,6432,PriceIn
3164,6432,PriceIn
3165,6432,PriceIn
3170,6432,PriceIn
3204,6432,PriceIn
3268,6432,PriceIn
3279,6432,PriceIn
3290,6432,PriceIn
3296,6432,PriceIn
3317,6432,PriceIn
3336,6432,PriceIn
3337,6432,PriceIn
3344,6432,PriceIn
3345,6432,PriceIn
3376,6432,PriceIn
3377,6432,PriceIn
3382,6432,PriceIn
3392,6432,PriceIn
3393,6432,PriceIn
3394,6432,PriceIn
3395,6432,PriceIn
3396,6432,PriceIn
3397,6432,PriceIn
3398,6432,PriceIn
3399,6432,PriceIn
3400,6432,PriceIn
3401,6432,PriceIn
3402,6432,PriceIn
3403,6432,PriceIn
3404,6432,PriceIn
3405,6432,PriceIn
3406,6432,PriceIn
3407,6432,PriceIn
3409,6432,PriceIn
3410,6432,PriceIn
3417,6432,PriceIn
3436,6432,PriceIn
3447,6432,PriceIn
3449,6432,PriceIn
3450,6432,PriceIn
3455,6432,PriceIn
3456,6432,PriceIn
3458,6432,PriceIn
3470,6432,PriceIn
3499,6432,PriceIn
3500,6432,PriceIn
3503,6432,PriceIn
3506,6432,PriceIn
3521,6432,PriceIn
3522,6432,PriceIn
42,5206,PriceIn
45,5206,PriceIn
47,5206,PriceIn
48,5206,PriceIn
49,5206,PriceIn
50,5206,PriceIn
51,5206,PriceIn
52,5206,PriceIn
53,5206,PriceIn
54,5206,PriceIn
57,5206,PriceIn
58,5206,PriceIn
59,5206,PriceIn
60,5206,PriceIn
61,5206,PriceIn
62,5206,PriceIn
63,5206,PriceIn
64,5206,PriceIn
65,5206,PriceIn
66,5206,PriceIn
68,5206,PriceIn
71,5206,PriceIn
72,5206,PriceIn
73,5206,PriceIn
74,5206,PriceIn
76,5206,PriceIn
77,5206,PriceIn
78,5206,PriceIn
79,5206,PriceIn
80,5206,PriceIn
81,5206,PriceIn
114,5206,PriceIn
118,5206,PriceIn
120,5206,PriceIn
121,5206,PriceIn
126,5206,PriceIn
127,5206,PriceIn
128,5206,PriceIn
132,5206,PriceIn
138,5206,PriceIn
145,5206,PriceIn
156,5206,PriceIn
158,5206,PriceIn
161,5206,PriceIn
166,5206,PriceIn
168,5206,PriceIn
169,5206,PriceIn
180,5206,PriceIn
181,5206,PriceIn
182,5206,PriceIn
184,5206,PriceIn
186,5206,PriceIn
203,5206,PriceIn
204,5206,PriceIn
211,5206,PriceIn
219,5206,PriceIn
227,5206,PriceIn
232,5206,PriceIn
233,5206,PriceIn
234,5206,PriceIn
235,5206,PriceIn
2692,5206,PriceIn
2716,5206,PriceIn
2936,5206,PriceIn
3020,5206,PriceIn
3068,5206,PriceIn
3081,5206,PriceIn
3089,5206,PriceIn
3270,5206,PriceIn
3273,5206,PriceIn
3300,5206,PriceIn
3334,5206,PriceIn
3390,5206,PriceIn
3412,5206,PriceIn
3419,5206,PriceIn
3482,5206,PriceIn
3510,5206,PriceIn
